,Text,Created At,Positive Score,Negative Score,Neutral Score,Compound Score,Account
0,"For some, a sheriff's broad authority is a defense of liberty. Others worry that it allows them to act above the la… https://t.co/fBxV3b9dtd",Fri Dec 15 02:05:03 +0000 2017,0.238,0.111,0.651,0.3182,NY Times
1,"""How old would Ben be?""

""Eleven."" 

Ben Wheeler would be a sixth-grader now. https://t.co/YUlEMaGQbZ https://t.co/m1orGuCyCM",Fri Dec 15 01:55:12 +0000 2017,0.0,0.0,1.0,0.0,NY Times
2,"RT @nytpolitics: ""They're lying to you,"" an activist told Senator Susan Collins in an emotional plea for her to vote against the tax bill.…",Fri Dec 15 01:47:03 +0000 2017,0.059,0.126,0.815,-0.4215,NY Times
3,The best dance of 2017 https://t.co/afGnvFwqNH,Fri Dec 15 01:32:04 +0000 2017,0.457,0.0,0.543,0.6369,NY Times
4,The FCC voted to repeal Obama-era net neutrality rules. Here’s what you need to know. https://t.co/HDvU028tkI,Fri Dec 15 01:17:01 +0000 2017,0.0,0.0,1.0,0.0,NY Times
5,"In a blow to workers, the National Labor Relations Board reversed an Obama-era ruling that helped unions fight hote… https://t.co/HxO8b5fiMf",Fri Dec 15 01:02:06 +0000 2017,0.0,0.126,0.874,-0.3818,NY Times
6,"RT @jennyschuessler: 'Youthquake’ Is Oxford’s Word of the Year. Sorry, Broflake. https://t.co/v0vjGrF7A8",Fri Dec 15 00:47:02 +0000 2017,0.0,0.106,0.894,-0.0772,NY Times
7,The share of the world's income going to the top 1 percent has shrunk since the financial crisis. Here's why that m… https://t.co/mKSxGbtB2k,Fri Dec 15 00:32:04 +0000 2017,0.148,0.151,0.701,-0.2732,NY Times
8,"The Disney-Fox deal needs U.S. approval but has friends in high places, our columnist @JamesStewartNYT writes https://t.co/mJXzWeA0NF",Fri Dec 15 00:17:03 +0000 2017,0.292,0.0,0.708,0.7351,NY Times
9,Evening Briefing: Here's what you need to know at the end of the day https://t.co/0O1YWE1F4m,Fri Dec 15 00:02:04 +0000 2017,0.0,0.0,1.0,0.0,NY Times
10,"An Alabama sheriff's activities raise questions about the broad powers given to these officers, emboldened in the e… https://t.co/I9FYzUn5Zj",Thu Dec 14 23:45:05 +0000 2017,0.0,0.0,1.0,0.0,NY Times
11,"RT @nytopinion: We asked @nytopinion columnists to give each other reading recommendations. Here’s what @PaulKrugman, @MaureenDowd, @NickKr…",Thu Dec 14 23:36:37 +0000 2017,0.0,0.0,1.0,0.0,NY Times
12,"Doctors have found a new way to treat heart arrhythmias leading to sudden death, a leading killer in the U.S. https://t.co/PVGb673wQ6",Thu Dec 14 23:17:03 +0000 2017,0.1,0.305,0.595,-0.7579,NY Times
13,"From secret baby to warrior to general, how Princess Leia became one of the most iconic characters in ""Star Wars""… https://t.co/NzpcxXDivp",Thu Dec 14 23:01:47 +0000 2017,0.0,0.0,1.0,0.0,NY Times
14,These videos include graphic scenes of violence and have sparked outrage over police treatment of black people https://t.co/OnlhCw04E1,Thu Dec 14 22:45:15 +0000 2017,0.0,0.316,0.684,-0.8126,NY Times
15,There is no time to linger. That altitude is called the “death zone” for good reason. Climbing Everest is a formida… https://t.co/bO8kppERlg,Thu Dec 14 22:25:14 +0000 2017,0.12,0.091,0.788,0.1779,NY Times
16,"Serve it straight out of the oven, when it's at its puffiest https://t.co/9kF3bSEjj1",Thu Dec 14 22:15:05 +0000 2017,0.137,0.0,0.863,0.2263,NY Times
17,RT @nytvideo: Here’s how net neutrality works: https://t.co/leS8Rzr8GV https://t.co/vhRe9W9AnP,Thu Dec 14 22:01:05 +0000 2017,0.0,0.0,1.0,0.0,NY Times
18,"Opinion: ""In his first 10 months in office, Donald J. Trump has told 103 separate untruths, many of them repeatedly… https://t.co/ERRGdTc1YQ",Thu Dec 14 21:52:40 +0000 2017,0.0,0.0,1.0,0.0,NY Times
19,"Don’t overlook Ireland’s second city, which is well worth a full weekend of its own https://t.co/FHYw88vw1b",Thu Dec 14 21:45:12 +0000 2017,0.235,0.0,0.765,0.4588,NY Times
20,"For some, a sheriff's broad authority is a defense of liberty. Others worry that it allows them to act above the la… https://t.co/fBxV3b9dtd",Fri Dec 15 02:05:03 +0000 2017,0.238,0.111,0.651,0.3182,NY Times
21,"""How old would Ben be?""

""Eleven."" 

Ben Wheeler would be a sixth-grader now. https://t.co/YUlEMaGQbZ https://t.co/m1orGuCyCM",Fri Dec 15 01:55:12 +0000 2017,0.0,0.0,1.0,0.0,NY Times
22,"RT @nytpolitics: ""They're lying to you,"" an activist told Senator Susan Collins in an emotional plea for her to vote against the tax bill.…",Fri Dec 15 01:47:03 +0000 2017,0.059,0.126,0.815,-0.4215,NY Times
23,The best dance of 2017 https://t.co/afGnvFwqNH,Fri Dec 15 01:32:04 +0000 2017,0.457,0.0,0.543,0.6369,NY Times
24,The FCC voted to repeal Obama-era net neutrality rules. Here’s what you need to know. https://t.co/HDvU028tkI,Fri Dec 15 01:17:01 +0000 2017,0.0,0.0,1.0,0.0,NY Times
25,"In a blow to workers, the National Labor Relations Board reversed an Obama-era ruling that helped unions fight hote… https://t.co/HxO8b5fiMf",Fri Dec 15 01:02:06 +0000 2017,0.0,0.126,0.874,-0.3818,NY Times
26,"RT @jennyschuessler: 'Youthquake’ Is Oxford’s Word of the Year. Sorry, Broflake. https://t.co/v0vjGrF7A8",Fri Dec 15 00:47:02 +0000 2017,0.0,0.106,0.894,-0.0772,NY Times
27,The share of the world's income going to the top 1 percent has shrunk since the financial crisis. Here's why that m… https://t.co/mKSxGbtB2k,Fri Dec 15 00:32:04 +0000 2017,0.148,0.151,0.701,-0.2732,NY Times
28,"The Disney-Fox deal needs U.S. approval but has friends in high places, our columnist @JamesStewartNYT writes https://t.co/mJXzWeA0NF",Fri Dec 15 00:17:03 +0000 2017,0.292,0.0,0.708,0.7351,NY Times
29,Evening Briefing: Here's what you need to know at the end of the day https://t.co/0O1YWE1F4m,Fri Dec 15 00:02:04 +0000 2017,0.0,0.0,1.0,0.0,NY Times
30,"An Alabama sheriff's activities raise questions about the broad powers given to these officers, emboldened in the e… https://t.co/I9FYzUn5Zj",Thu Dec 14 23:45:05 +0000 2017,0.0,0.0,1.0,0.0,NY Times
31,"RT @nytopinion: We asked @nytopinion columnists to give each other reading recommendations. Here’s what @PaulKrugman, @MaureenDowd, @NickKr…",Thu Dec 14 23:36:37 +0000 2017,0.0,0.0,1.0,0.0,NY Times
32,"Doctors have found a new way to treat heart arrhythmias leading to sudden death, a leading killer in the U.S. https://t.co/PVGb673wQ6",Thu Dec 14 23:17:03 +0000 2017,0.1,0.305,0.595,-0.7579,NY Times
33,"From secret baby to warrior to general, how Princess Leia became one of the most iconic characters in ""Star Wars""… https://t.co/NzpcxXDivp",Thu Dec 14 23:01:47 +0000 2017,0.0,0.0,1.0,0.0,NY Times
34,These videos include graphic scenes of violence and have sparked outrage over police treatment of black people https://t.co/OnlhCw04E1,Thu Dec 14 22:45:15 +0000 2017,0.0,0.316,0.684,-0.8126,NY Times
35,There is no time to linger. That altitude is called the “death zone” for good reason. Climbing Everest is a formida… https://t.co/bO8kppERlg,Thu Dec 14 22:25:14 +0000 2017,0.12,0.091,0.788,0.1779,NY Times
36,"Serve it straight out of the oven, when it's at its puffiest https://t.co/9kF3bSEjj1",Thu Dec 14 22:15:05 +0000 2017,0.137,0.0,0.863,0.2263,NY Times
37,RT @nytvideo: Here’s how net neutrality works: https://t.co/leS8Rzr8GV https://t.co/vhRe9W9AnP,Thu Dec 14 22:01:05 +0000 2017,0.0,0.0,1.0,0.0,NY Times
38,"Opinion: ""In his first 10 months in office, Donald J. Trump has told 103 separate untruths, many of them repeatedly… https://t.co/ERRGdTc1YQ",Thu Dec 14 21:52:40 +0000 2017,0.0,0.0,1.0,0.0,NY Times
39,"Don’t overlook Ireland’s second city, which is well worth a full weekend of its own https://t.co/FHYw88vw1b",Thu Dec 14 21:45:12 +0000 2017,0.235,0.0,0.765,0.4588,NY Times
40,A quick refresher on what happened in the last “Star Wars” movie before you go see the next one… https://t.co/btuHpYBLY0,Thu Dec 14 21:30:10 +0000 2017,0.0,0.0,1.0,0.0,NY Times
41,"Kit Harrington is doing things other than being a sad, pensive panda on Game of Thrones https://t.co/wiepeXqz2w",Thu Dec 14 21:15:10 +0000 2017,0.071,0.168,0.761,-0.4215,NY Times
42,The surprising result in Alabama gives Democrats a plausible path to take control of the Senate https://t.co/lb9JL3DkYo,Thu Dec 14 21:07:04 +0000 2017,0.123,0.0,0.877,0.2732,NY Times
43,"It would be fair to argue that the internet was, for the most part, a rancid stew of awful in 2017. But it wasn’t a… https://t.co/RgtJCTHHBr",Thu Dec 14 21:00:43 +0000 2017,0.071,0.283,0.647,-0.7832,NY Times
44,"The size of wine glasses in Britain has increased nearly sevenfold over 300 years, a research team found https://t.co/ArYJb3ZxQz",Thu Dec 14 20:45:10 +0000 2017,0.11,0.0,0.89,0.2732,NY Times
45,"She's a Democrat who sees Trump's behavior as ""just nasty."" But she's counting on him to bolster Wyoming's economy. https://t.co/kyUxCB7Xvk",Thu Dec 14 20:30:30 +0000 2017,0.0,0.0,1.0,0.0,NY Times
46,"Through his dizzying lens, he became a celebrity for his high-altitude stunts. But then, suddenly, his online posts… https://t.co/gfegpRqWI9",Thu Dec 14 20:15:09 +0000 2017,0.0,0.0,1.0,0.0,NY Times
47,RT @dougmillsnyt: .@realDonaldTrump stands next to a stack of papers after announcing “We will get rid of the redundancy and duplication th…,Thu Dec 14 20:12:26 +0000 2017,0.0,0.0,1.0,0.0,NY Times
48,Thousands of the Interior Department’s employees reported that they had experienced harassment or intimidation at w… https://t.co/dPGzxt6OVa,Thu Dec 14 20:00:20 +0000 2017,0.0,0.296,0.704,-0.743,NY Times
49,The best dance of 2017 https://t.co/OLWuedRBFA,Thu Dec 14 19:50:11 +0000 2017,0.457,0.0,0.543,0.6369,NY Times
50,She strikes a small but noticeable figure in her red coat and beret bearing lights and the words “Let’s Get Lit”… https://t.co/RbGdy4SSqq,Thu Dec 14 19:40:15 +0000 2017,0.0,0.08,0.92,-0.1901,NY Times
51,"The $150,000 was earmarked to feed inmates. Instead, this sheriff used it to invest in a get-rich-quick scheme. https://t.co/VaqngdpSyU",Thu Dec 14 19:30:06 +0000 2017,0.0,0.0,1.0,0.0,NY Times
52,"From “Game of Thrones” to “This Is Us,” The Times’s TV critics each pick some of their favorite hours and half-hours https://t.co/h1Dw6Fy64a",Thu Dec 14 19:22:05 +0000 2017,0.119,0.087,0.794,0.2023,NY Times
53,"Extreme weather left its mark across the planet in 2016, the hottest year in recorded history https://t.co/1NNVXNvhq3",Thu Dec 14 19:15:11 +0000 2017,0.0,0.0,1.0,0.0,NY Times
54,"Read our spoiler-free guide to all things ""Star Wars: The Last Jedi."" Or don't. We're not your father. https://t.co/TJqo3ARbTa",Thu Dec 14 19:08:05 +0000 2017,0.0,0.167,0.833,-0.5574,NY Times
55,Visit the New York City that could have been in this mixed reality 360 video https://t.co/oyixpyl2To #Daily360,Thu Dec 14 19:00:33 +0000 2017,0.0,0.0,1.0,0.0,NY Times
56,How the net neutrality repeal could affect you https://t.co/FlkicMzUip https://t.co/awJQPRFCk1,Thu Dec 14 18:51:27 +0000 2017,0.0,0.0,1.0,0.0,NY Times
57,Casualties from land mines and improvised explosives increased to the highest level since a treaty banning such wea… https://t.co/KhuVO8FIcr,Thu Dec 14 18:45:19 +0000 2017,0.11,0.0,0.89,0.2732,NY Times
58,"""The internet doesn’t have to be a corporate playground. That’s just the path we’ve chosen."" https://t.co/PAO6fiPs81",Thu Dec 14 18:41:31 +0000 2017,0.0,0.0,1.0,0.0,NY Times
59,"The filmmaker Morgan Spurlock, known for ""Super Size Me"" and other films, revealed his own episodes of sexual misco… https://t.co/tF36o1m96C",Thu Dec 14 18:35:06 +0000 2017,0.17,0.0,0.83,0.5994,NY Times
60,"The federal government will also no longer regulate high-speed internet delivery as if it were a utility, like phone services",Thu Dec 14 18:22:03 +0000 2017,0.115,0.101,0.783,0.0772,NY Times
61,"Breaking News: The FCC has scrapped net neutrality rules. Internet providers will have more power over the web, all… https://t.co/ouePJKop6V",Thu Dec 14 18:17:03 +0000 2017,0.0,0.0,1.0,0.0,NY Times
62,"No matter how rich in love they may be, most Haitians can’t pay for a funeral. The members of this burial team help… https://t.co/PCgYLUbgUP",Thu Dec 14 18:15:15 +0000 2017,0.276,0.197,0.527,0.5478,NY Times
63,"Orchestral horns blare! “Star Wars.” Opening crawl. But wait, what happened in “The Force Awakens” again?… https://t.co/giVhZf8opi",Thu Dec 14 18:00:29 +0000 2017,0.0,0.0,1.0,0.0,NY Times
64,"As Republicans prepared to roll out the $1.5 trillion tax plan, uncertainty loomed over how to pay for last-minute… https://t.co/tMpM4mPiD4",Thu Dec 14 17:51:04 +0000 2017,0.08,0.248,0.672,-0.4588,NY Times
65,"""We work really hard to be resilient and strong. And I think it’s O.K. to recognize that we’re still grieving, and… https://t.co/PItWwJNlKf",Thu Dec 14 17:45:13 +0000 2017,0.126,0.19,0.685,-0.1761,NY Times
66,The executive did not know that the woman he was speaking to was one of several who had accused Masterson of rape https://t.co/PWTuiDTdTf,Thu Dec 14 17:30:20 +0000 2017,0.0,0.247,0.753,-0.7845,NY Times
67,"Opinion: ""We don’t know what exactly Omarosa did at the White House, but we do know the No. 1 skill she brought to… https://t.co/85Sq8gSxk4",Thu Dec 14 17:25:17 +0000 2017,0.0,0.113,0.887,-0.4215,NY Times
68,The season finale of “Mr. Robot” was thick with reveals and reconciliations https://t.co/WW3vx9RFOF,Thu Dec 14 17:15:12 +0000 2017,0.0,0.0,1.0,0.0,NY Times
69,"""There's no state in America where black people recognize the horrors of turning back the clock more than the State… https://t.co/CBNVd07Ww0",Thu Dec 14 17:00:30 +0000 2017,0.0,0.237,0.763,-0.7096,NY Times
70,RT @fmanjoo: Nevertheless she persisted https://t.co/kyql9Py8lc,Thu Dec 14 16:52:03 +0000 2017,0.0,0.0,1.0,0.0,NY Times
71,"For a while, Rupert Murdoch seemed invincible. Now the buyer has become a seller. https://t.co/M3uLGlVYG2",Thu Dec 14 16:45:10 +0000 2017,0.211,0.0,0.789,0.4939,NY Times
72,"The Texas Republican settled a lurid sexual harassment claim with $84,000 of taxpayer money. https://t.co/R0Pm9L9run",Thu Dec 14 16:39:57 +0000 2017,0.0,0.212,0.788,-0.5423,NY Times
73,"RT @kerrimac: “They spent their lives in misery, they died in misery.” Our latest Instagram Story on https://t.co/SKJsd8KAHk is a condensed…",Thu Dec 14 16:37:08 +0000 2017,0.0,0.289,0.711,-0.8074,NY Times
74,"Best known for heading the team that produced The Times’s “innovation report” in 2014, A. G. Sulzberger will be the… https://t.co/mMjKI1B00T",Thu Dec 14 16:33:16 +0000 2017,0.174,0.0,0.826,0.6369,NY Times
75,"Breaking News: A.G. Sulzberger, 37, will succeed his father as New York Times publisher, the company’s top job. He… https://t.co/oWaQpmv2WE",Thu Dec 14 16:27:56 +0000 2017,0.217,0.0,0.783,0.6124,NY Times
76,"RT @nytgraphics: Here's what we know about the final tax bill, and how it would affect families, homeowners, businesses and more. https://t…",Thu Dec 14 16:22:14 +0000 2017,0.0,0.0,1.0,0.0,NY Times
77,"RT @nytmedia: “This Is Us,” “Homeland,” “Star Wars”: This is what Disney is getting from its takeover of Fox https://t.co/jAKRec6Bh7",Thu Dec 14 16:15:12 +0000 2017,0.0,0.0,1.0,0.0,NY Times
78,"RT @arappeport: Promises, promises? Activists tell Susan Collins she's being duped on tax deals. ""They're lying to you!""  https://t.co/VXdd…",Thu Dec 14 16:09:08 +0000 2017,0.195,0.243,0.562,-0.3164,NY Times
79,~* iT's ThE eNd Of An ErA *~ https://t.co/OzBNAPkhIn,Thu Dec 14 16:00:31 +0000 2017,0.0,0.0,1.0,0.0,NY Times
80,"RT @nytopinion: Lindy West writes: ""It is with 100 percent professional certainty that I must inform you our president, Donald Trump, is a…",Thu Dec 14 15:50:10 +0000 2017,0.087,0.0,0.913,0.25,NY Times
81,The sight of evangelical voters in Alabama giving their support to Roy Moore has deeply troubled many conservative… https://t.co/EBLjk0jkEi,Thu Dec 14 15:40:17 +0000 2017,0.209,0.135,0.656,0.204,NY Times
82,"RT @DLeonhardt: After we published a list of Trump's lies this summer, some of his supporters asked us to compare Trump to other presidents…",Thu Dec 14 15:30:19 +0000 2017,0.109,0.105,0.787,0.0258,NY Times
83,"The leader of the FCC has dismissed criticism that by pushing the net neutrality repeal, he was doing the bidding o… https://t.co/EoDq9oGGFj",Thu Dec 14 15:25:06 +0000 2017,0.0,0.121,0.879,-0.4404,NY Times
84,Almost 600 readers wrote to us about what Jerusalem means to them. Here are some of the most evocative responses: https://t.co/LRplXaPG8q,Thu Dec 14 15:23:00 +0000 2017,0.0,0.0,1.0,0.0,NY Times
85,"""Their bravery changed the world,"" Samantha Bee said of the women who came forward against Roy Moore. Late-night ro… https://t.co/yTjUpDiViD",Thu Dec 14 15:20:15 +0000 2017,0.144,0.0,0.856,0.4939,NY Times
86,"RT @amychozick: This is Rupert Murdoch’s King Lear moment, dividing up his spoils and throwing succession into question. https://t.co/ZgaxU…",Thu Dec 14 15:16:07 +0000 2017,0.091,0.0,0.909,0.2023,NY Times
87,"Police killed a 69-year-old Bronx man in his apartment. Now, questions have emerged and the family is asking why de… https://t.co/MnyRo6v7C7",Thu Dec 14 15:10:11 +0000 2017,0.0,0.191,0.809,-0.6705,NY Times
88,Morning Briefing: Here's what you need to know to start your day https://t.co/fyCmqmKRrf https://t.co/e17PJ6oOic,Thu Dec 14 15:00:41 +0000 2017,0.0,0.0,1.0,0.0,NY Times
89,Opinion: Net neutrality is called the First Amendment of the internet for a good reason https://t.co/Y6YGl88HyS,Thu Dec 14 14:50:04 +0000 2017,0.172,0.0,0.828,0.4404,NY Times
90,What Disney is getting from Fox https://t.co/bYwG6fINi8,Thu Dec 14 14:39:04 +0000 2017,0.0,0.0,1.0,0.0,NY Times
91,"RT @NYTArchives: Gunman massacres 20 children at Sandy Hook Elementary School, 5 years ago today. https://t.co/zWeSMzLY2e https://t.co/HpcI…",Thu Dec 14 14:31:54 +0000 2017,0.0,0.0,1.0,0.0,NY Times
92,"""How old would Ben be?""

""Eleven."" Ben Wheeler would be a sixth-grader now. https://t.co/DvVcuVXgxA",Thu Dec 14 14:29:14 +0000 2017,0.0,0.0,1.0,0.0,NY Times
93,The biggest tech failures and successes of 2017 https://t.co/Bb00Y76W5T,Thu Dec 14 14:20:05 +0000 2017,0.265,0.221,0.515,0.1531,NY Times
94,Opinion: The politics of #HimToo https://t.co/6Kan9DNd5g,Thu Dec 14 14:11:04 +0000 2017,0.0,0.0,1.0,0.0,NY Times
95,Leaders and officials of Muslim nations declared East Jerusalem the Palestinian capital https://t.co/DjADxm5FxM,Thu Dec 14 14:00:11 +0000 2017,0.0,0.0,1.0,0.0,NY Times
96,"""There's no state in America where black people recognize the horrors of turning back the clock more than the State… https://t.co/6ci732RLfH",Thu Dec 14 13:48:05 +0000 2017,0.0,0.237,0.763,-0.7096,NY Times
97,What Republicans think about climate change — in maps https://t.co/OJSoujBTRE,Thu Dec 14 13:40:10 +0000 2017,0.0,0.0,1.0,0.0,NY Times
98,"How the tide turned against Roy Moore in Alabama
https://t.co/BpF1AIhPlG",Thu Dec 14 13:30:14 +0000 2017,0.0,0.0,1.0,0.0,NY Times
99,"Bermuda banned same-sex marriage, just months after a court legalized it https://t.co/Br1HGDkqbz",Thu Dec 14 13:20:06 +0000 2017,0.0,0.231,0.769,-0.4588,NY Times
100,"On the anniversary of the Sandy Hook mass shooting, divisions over guns in America run deeper than policy differenc… https://t.co/PFojtY3TbG",Fri Dec 15 02:01:01 +0000 2017,0.0,0.0,1.0,0.0,CBS News
101,"""I do think stronger regulations put in place can make a difference."" Alicia, a conservative, shares the story of w… https://t.co/TBUUbIcsUl",Fri Dec 15 01:57:45 +0000 2017,0.22,0.0,0.78,0.5859,CBS News
102,"Reporter: What [gun] regulations are in place now you would like to see go away? 

Cathy: Trying to repeal them rea… https://t.co/sA55L8tuSK",Fri Dec 15 01:51:40 +0000 2017,0.106,0.0,0.894,0.3612,CBS News
103,"""This is a social movement, it's going to take a long time before we change the laws we need to. But we are getting… https://t.co/GKm6hCnDbF",Fri Dec 15 01:47:30 +0000 2017,0.0,0.0,1.0,0.0,CBS News
104,"Reporter: Did [Sandy Hook] shooting change your mind about any of these issues? 

Lana: The first thing that came t… https://t.co/IuwaJYURCD",Fri Dec 15 01:42:49 +0000 2017,0.0,0.0,1.0,0.0,CBS News
105,"""For a school, that is probably the No. 1 topic right now, is to arm our staff and teachers,"" Lana, an NRA instruct… https://t.co/YxhjouzPOB",Fri Dec 15 01:41:19 +0000 2017,0.0,0.095,0.905,-0.296,CBS News
106,"""I think that word control is the wrong word to use. When you start talking about controlling that and taking that… https://t.co/f9LvsiE6HM",Fri Dec 15 01:37:35 +0000 2017,0.0,0.129,0.871,-0.4767,CBS News
107,Reporter: Do you think lawmakers have done enough and have done anything realistic after Sandy hook and Vegas... an… https://t.co/ETOSzASPh7,Fri Dec 15 01:29:10 +0000 2017,0.0,0.0,1.0,0.0,CBS News
108,The president's idea of combating mass shooters by arming more people is actually supported by almost 30 percent of… https://t.co/ijtZu5sOrd,Fri Dec 15 01:23:31 +0000 2017,0.108,0.0,0.892,0.3182,CBS News
109,Reporter: Why is this issue of [gun control] so hard to address? You have different opinions about guns but you're… https://t.co/OyidJ0d2NU,Fri Dec 15 01:22:26 +0000 2017,0.0,0.067,0.933,-0.1111,CBS News
110,"This week is the five-year anniversary of Sandy Hook. Do you remember where you were? Jessica and Daniel, both pare… https://t.co/T8Kz5EquY3",Fri Dec 15 01:18:27 +0000 2017,0.0,0.0,1.0,0.0,CBS News
111,"""If we were to train people to have a mentality similar to being on an airplane, if someone comes into a room with… https://t.co/xUg77u1H8D",Fri Dec 15 01:14:00 +0000 2017,0.0,0.0,1.0,0.0,CBS News
112,"WATCH NOW: On the anniversary of the Sandy Hook massacre, CBSN examines the aftermath of one of the nation’s deadli… https://t.co/4Fm1qow67z",Fri Dec 15 01:00:02 +0000 2017,0.0,0.0,1.0,0.0,CBS News
113,"""They had their entire lives ahead of them -- birthdays, graduations, weddings, kids of their own."" 

Five years ag… https://t.co/6ynn3LXV0v",Fri Dec 15 00:46:00 +0000 2017,0.0,0.0,1.0,0.0,CBS News
114,Republicans say the hardest part is behind them now that they have crafted a compromise between the House and Senat… https://t.co/bWD6mlxL78,Fri Dec 15 00:30:01 +0000 2017,0.0,0.0,1.0,0.0,CBS News
115,"After Sandy Hook, two fathers touched by gun violence share special connection https://t.co/wfjpVcaudn https://t.co/Fn4hiPaV7j",Fri Dec 15 00:19:32 +0000 2017,0.229,0.304,0.467,-0.3818,CBS News
116,"@CBSNews In Newtown, Conn., today, 20 1st graders and 6 adults were shot to death at Sandy Hook Elementary School 5… https://t.co/Pjm8ik7O3q",Thu Dec 14 23:58:55 +0000 2017,0.0,0.163,0.837,-0.5994,CBS News
117,@CBSNews In recent weeks we've heard largely from women about the #MeToo movement. @alexwagner talks to men who are… https://t.co/og6O3Klxxi,Thu Dec 14 23:54:18 +0000 2017,0.0,0.0,1.0,0.0,CBS News
118,@CBSNews Russian President Vladimir Putin held a record-breaking four-hour and 20-minute news conference today. Dur… https://t.co/JIVDyJPHiM,Thu Dec 14 23:49:58 +0000 2017,0.0,0.0,1.0,0.0,CBS News
119,@CBSNews American's UN Ambassador Nikki Haley accused Iran today of violating Security Council resolutions by armin… https://t.co/Eg0okrVLgV,Thu Dec 14 23:46:29 +0000 2017,0.109,0.258,0.633,-0.5106,CBS News
120,"On the anniversary of the Sandy Hook mass shooting, divisions over guns in America run deeper than policy differenc… https://t.co/PFojtY3TbG",Fri Dec 15 02:01:01 +0000 2017,0.0,0.0,1.0,0.0,CBS News
121,"""I do think stronger regulations put in place can make a difference."" Alicia, a conservative, shares the story of w… https://t.co/TBUUbIcsUl",Fri Dec 15 01:57:45 +0000 2017,0.22,0.0,0.78,0.5859,CBS News
122,"Reporter: What [gun] regulations are in place now you would like to see go away? 

Cathy: Trying to repeal them rea… https://t.co/sA55L8tuSK",Fri Dec 15 01:51:40 +0000 2017,0.106,0.0,0.894,0.3612,CBS News
123,"""This is a social movement, it's going to take a long time before we change the laws we need to. But we are getting… https://t.co/GKm6hCnDbF",Fri Dec 15 01:47:30 +0000 2017,0.0,0.0,1.0,0.0,CBS News
124,"Reporter: Did [Sandy Hook] shooting change your mind about any of these issues? 

Lana: The first thing that came t… https://t.co/IuwaJYURCD",Fri Dec 15 01:42:49 +0000 2017,0.0,0.0,1.0,0.0,CBS News
125,"""For a school, that is probably the No. 1 topic right now, is to arm our staff and teachers,"" Lana, an NRA instruct… https://t.co/YxhjouzPOB",Fri Dec 15 01:41:19 +0000 2017,0.0,0.095,0.905,-0.296,CBS News
126,"""I think that word control is the wrong word to use. When you start talking about controlling that and taking that… https://t.co/f9LvsiE6HM",Fri Dec 15 01:37:35 +0000 2017,0.0,0.129,0.871,-0.4767,CBS News
127,Reporter: Do you think lawmakers have done enough and have done anything realistic after Sandy hook and Vegas... an… https://t.co/ETOSzASPh7,Fri Dec 15 01:29:10 +0000 2017,0.0,0.0,1.0,0.0,CBS News
128,The president's idea of combating mass shooters by arming more people is actually supported by almost 30 percent of… https://t.co/ijtZu5sOrd,Fri Dec 15 01:23:31 +0000 2017,0.108,0.0,0.892,0.3182,CBS News
129,Reporter: Why is this issue of [gun control] so hard to address? You have different opinions about guns but you're… https://t.co/OyidJ0d2NU,Fri Dec 15 01:22:26 +0000 2017,0.0,0.067,0.933,-0.1111,CBS News
130,"This week is the five-year anniversary of Sandy Hook. Do you remember where you were? Jessica and Daniel, both pare… https://t.co/T8Kz5EquY3",Fri Dec 15 01:18:27 +0000 2017,0.0,0.0,1.0,0.0,CBS News
131,"""If we were to train people to have a mentality similar to being on an airplane, if someone comes into a room with… https://t.co/xUg77u1H8D",Fri Dec 15 01:14:00 +0000 2017,0.0,0.0,1.0,0.0,CBS News
132,"WATCH NOW: On the anniversary of the Sandy Hook massacre, CBSN examines the aftermath of one of the nation’s deadli… https://t.co/4Fm1qow67z",Fri Dec 15 01:00:02 +0000 2017,0.0,0.0,1.0,0.0,CBS News
133,"""They had their entire lives ahead of them -- birthdays, graduations, weddings, kids of their own."" 

Five years ag… https://t.co/6ynn3LXV0v",Fri Dec 15 00:46:00 +0000 2017,0.0,0.0,1.0,0.0,CBS News
134,Republicans say the hardest part is behind them now that they have crafted a compromise between the House and Senat… https://t.co/bWD6mlxL78,Fri Dec 15 00:30:01 +0000 2017,0.0,0.0,1.0,0.0,CBS News
135,"After Sandy Hook, two fathers touched by gun violence share special connection https://t.co/wfjpVcaudn https://t.co/Fn4hiPaV7j",Fri Dec 15 00:19:32 +0000 2017,0.229,0.304,0.467,-0.3818,CBS News
136,"@CBSNews In Newtown, Conn., today, 20 1st graders and 6 adults were shot to death at Sandy Hook Elementary School 5… https://t.co/Pjm8ik7O3q",Thu Dec 14 23:58:55 +0000 2017,0.0,0.163,0.837,-0.5994,CBS News
137,@CBSNews In recent weeks we've heard largely from women about the #MeToo movement. @alexwagner talks to men who are… https://t.co/og6O3Klxxi,Thu Dec 14 23:54:18 +0000 2017,0.0,0.0,1.0,0.0,CBS News
138,@CBSNews Russian President Vladimir Putin held a record-breaking four-hour and 20-minute news conference today. Dur… https://t.co/JIVDyJPHiM,Thu Dec 14 23:49:58 +0000 2017,0.0,0.0,1.0,0.0,CBS News
139,@CBSNews American's UN Ambassador Nikki Haley accused Iran today of violating Security Council resolutions by armin… https://t.co/Eg0okrVLgV,Thu Dec 14 23:46:29 +0000 2017,0.109,0.258,0.633,-0.5106,CBS News
140,@CBSNews The FCC voted to roll back Obama-era regulations on the companies that provide internet service. The commi… https://t.co/IWt3PvdOkR,Thu Dec 14 23:44:04 +0000 2017,0.0,0.0,1.0,0.0,CBS News
141,"@CBSNews @nancycordes on Senator McCain's hospitalization at Walter Reed Medical Center: ""There are a lot of aides… https://t.co/tP3cqCNUDF",Thu Dec 14 23:39:29 +0000 2017,0.0,0.0,1.0,0.0,CBS News
142,"House and Senate leaders reached an agreement on a tax reform deal that will likely be voted on next week, but toda… https://t.co/I7GKsW0BWA",Thu Dec 14 23:34:01 +0000 2017,0.142,0.0,0.858,0.3182,CBS News
143,"Meghan Markle will be joining Britain's royal family for Christmas, which is reportedly a first for a royal fiancée… https://t.co/9XNTsx7gng",Thu Dec 14 23:15:01 +0000 2017,0.0,0.0,1.0,0.0,CBS News
144,Firefighter died while working a colossal wildfire burning in coastal mountains northwest of Los Angeles that has b… https://t.co/BRwZWe1z1t,Thu Dec 14 23:00:03 +0000 2017,0.0,0.175,0.825,-0.5574,CBS News
145,JUST IN: CBS News has learned that the NYPD has opened a preliminary investigation into accusations of sexual misco… https://t.co/ifGbX97smy,Thu Dec 14 22:50:01 +0000 2017,0.0,0.113,0.887,-0.3182,CBS News
146,"Iowa jury has found a woman guilty of starving her 16-year-old daughter to death, reports CBS affiliate KCCI. The t… https://t.co/Xx1UUw0lBa",Thu Dec 14 22:45:01 +0000 2017,0.0,0.358,0.642,-0.8591,CBS News
147,"Mimi O'Donnell, partner of Philip Seymour Hoffman for 15 years and mother of his three children, opened up about he… https://t.co/zZrYH2Kz5c",Thu Dec 14 22:33:01 +0000 2017,0.0,0.0,1.0,0.0,CBS News
148,Prosecutors have charged two men in the 2015 fatal shooting of New York City rapper Chinx https://t.co/TxCncEHiAT https://t.co/7k1leJQ8wH,Thu Dec 14 22:15:01 +0000 2017,0.0,0.249,0.751,-0.6486,CBS News
149,"Police in Southern California raided a weed ""fortress,"" seizing 35,000 marijuana plants and shutting down an operat… https://t.co/dK0uVgBYEI",Thu Dec 14 22:00:02 +0000 2017,0.0,0.0,1.0,0.0,CBS News
150,"While fewer American teens are lighting up cigarettes, more of them are vaping instead, a new report shows… https://t.co/jYhD7zrZZw",Thu Dec 14 21:40:01 +0000 2017,0.0,0.0,1.0,0.0,CBS News
151,"""As we come to the end of this difficult year...nothing can remove the memory of that night"": Six months after deva… https://t.co/lvglwwv0za",Thu Dec 14 21:20:51 +0000 2017,0.0,0.12,0.88,-0.4357,CBS News
152,"Scientists using advanced ""neural network"" machine-learning software to sift through thousands of weak, previously… https://t.co/SqVplIxU2i",Thu Dec 14 21:05:01 +0000 2017,0.112,0.162,0.726,-0.2263,CBS News
153,"In the wake of Sandy Hook, people across the U.S. echoed the words: “Never again.” But in the 5 years since, mass s… https://t.co/JZdKJlZ9dW",Thu Dec 14 20:50:31 +0000 2017,0.0,0.0,1.0,0.0,CBS News
154,"The FCC's two Republican commissioners, joined by FCC Chairman Ajit Pai, voted to eliminate the ""net neutrality"" ru… https://t.co/z4sCwwpBZm",Thu Dec 14 20:45:01 +0000 2017,0.0,0.0,1.0,0.0,CBS News
155,Rumors swirled in Washington D.C. on Thursday that Speaker of the House Paul Ryan was planning on retiring after th… https://t.co/MUNpawv1OW,Thu Dec 14 20:30:32 +0000 2017,0.0,0.0,1.0,0.0,CBS News
156,"American warplanes intercepted two Russian fighter jets that flew into coalition airspace in Syria, the Pentagon sa… https://t.co/FYA9ATsqdx",Thu Dec 14 20:15:01 +0000 2017,0.086,0.0,0.914,0.1531,CBS News
157,House Speaker Paul Ryan says he's not leaving Congress anytime soon after reports surface speculating he may leave… https://t.co/2ArzPef0CN,Thu Dec 14 20:00:02 +0000 2017,0.0,0.0,1.0,0.0,CBS News
158,"Pres. Trump symbolically cuts red tape at White House event, wants government to get rid of ""unecessary regulation.… https://t.co/kQDOrs6s3b",Thu Dec 14 19:54:13 +0000 2017,0.0,0.109,0.891,-0.296,CBS News
159,"""I like Omarosa."" President Trump says while answering a reporter's question on former WH official Omarosa Manigaul… https://t.co/g7m10qQY0I",Thu Dec 14 19:48:35 +0000 2017,0.135,0.0,0.865,0.3612,CBS News
160,"White House staff show flow chart illustrating regulatory actions, which the president says ""really explains the di… https://t.co/vWYm4gOTbO",Thu Dec 14 19:48:15 +0000 2017,0.0,0.0,1.0,0.0,CBS News
161,"Trump: We blew the target out of the water within our first 11 months. We have canceled or delayed over 1,500 and -… https://t.co/4MpGaWrt5T",Thu Dec 14 19:41:44 +0000 2017,0.0,0.076,0.924,-0.2263,CBS News
162,"""We are lifting restrictions on American energy and we have ended the war on coal,"" Pres. Trump says.… https://t.co/RLZoFCmA3k",Thu Dec 14 19:37:51 +0000 2017,0.091,0.17,0.739,-0.4215,CBS News
163,WATCH NOW: Pres. Trump gives remarks on deregulation efforts https://t.co/K7bL2Wtf7M https://t.co/ZXIRpQbdsy,Thu Dec 14 19:34:36 +0000 2017,0.0,0.0,1.0,0.0,CBS News
164,".@PressSec on preventing U.S. attacks: “If you could name a single thing that would have prevented both of these, I… https://t.co/SkmZfgYDLl",Thu Dec 14 19:27:09 +0000 2017,0.05,0.181,0.769,-0.4404,CBS News
165,".@PressSec on preventing mass shootings: ""Whether or not there is a regulation that could be put in place that coul… https://t.co/CN0HztVqRK",Thu Dec 14 19:22:42 +0000 2017,0.0,0.055,0.945,-0.0258,CBS News
166,".@PressSec on #NetNeutrality decision: ""The Trump administration supports the FCC's effort to roll back burdensome… https://t.co/vJR3qNzOA1",Thu Dec 14 19:16:25 +0000 2017,0.143,0.0,0.857,0.3612,CBS News
167,".@PressSec on Omarosa Manigault Newman's ""Good Morning America"" interview: ""We put out a statement yesterday and I… https://t.co/YVfwANVu7o",Thu Dec 14 19:14:40 +0000 2017,0.153,0.0,0.847,0.4404,CBS News
168,"House Speaker Paul Ryan ""assured the president those were not accurate reports,"" @PressSec says of reports that Rya… https://t.co/MecTEJ3KQW",Thu Dec 14 19:11:29 +0000 2017,0.122,0.0,0.878,0.3612,CBS News
169,"President Trump ""likes Doug Jones and looks forward to meeting him in person,"" @PressSec says when asked if Roy Moo… https://t.co/r4hyn25MSF",Thu Dec 14 19:09:07 +0000 2017,0.123,0.0,0.877,0.4215,CBS News
170,"""We're really proud of the work we have done already up until this point with Sen. Rubio. We are already doubling t… https://t.co/tmRLTcKw0A",Thu Dec 14 19:06:44 +0000 2017,0.134,0.0,0.866,0.5256,CBS News
171,WATCH LIVE: White House holds daily press briefing as final vote on the GOP's tax bill nears https://t.co/TivFofWjWB https://t.co/CCpiDNUEIT,Thu Dec 14 19:01:42 +0000 2017,0.0,0.0,1.0,0.0,CBS News
172,U.N. ambassador Nikki Haley reveals new evidence to back claim that Iran armed Houthi rebels:… https://t.co/yUxJ6yXBCS,Thu Dec 14 18:45:01 +0000 2017,0.0,0.0,1.0,0.0,CBS News
173,The FCC voted to repeal Obama-era #NetNeutrality rules that regulate equal internet access in a 3-2 vote on Thursda… https://t.co/cgsEEgEd8y,Thu Dec 14 18:25:32 +0000 2017,0.0,0.0,1.0,0.0,CBS News
174,JUST IN: The FCC votes to repeal Obama-era #NetNeutrality rules that regulate equal access to the internet in 3-2 v… https://t.co/2cMgwWLP2D,Thu Dec 14 18:17:42 +0000 2017,0.0,0.0,1.0,0.0,CBS News
175,"Rolling back #NetNeutrality "" is not going to destroy the internet. It is not going to end the internet as we know… https://t.co/KTiTE2vIgu",Thu Dec 14 18:11:30 +0000 2017,0.119,0.0,0.881,0.431,CBS News
176,"""The only future to fear is the one we never discover because we gave up on the approach that already has brought u… https://t.co/raIfcPXELJ",Thu Dec 14 18:09:10 +0000 2017,0.0,0.122,0.878,-0.4939,CBS News
177,FCC Chairman Ajit Pai resumes speaking ahead of #NetNeutrality vote after meeting was cleared for security concerns… https://t.co/GICTmxSDfe,Thu Dec 14 18:06:15 +0000 2017,0.192,0.0,0.808,0.4215,CBS News
178,WATCH: Security officers and dogs search room where FCC meeting on net neutrality was taking place… https://t.co/hqO444G2P7,Thu Dec 14 17:57:57 +0000 2017,0.13,0.0,0.87,0.34,CBS News
179,NEW: FCC meeting on net neutrality takes abrupt recess due to security concerns https://t.co/Vxi2egdIqZ https://t.co/sEIW14RmGy,Thu Dec 14 17:52:38 +0000 2017,0.146,0.0,0.854,0.34,CBS News
180,"Net neutrality ""was a mistake. For one thing, there was no problem to solve. The internet wasn't broken in 2015,"" F… https://t.co/Np6tDxC9EP",Thu Dec 14 17:48:39 +0000 2017,0.157,0.264,0.579,-0.449,CBS News
181,"""The internet is the greatest free market innovation in history,"" FCC Chairman Ajit Pai says. ""It's changed the way… https://t.co/AcdrFyWfQJ",Thu Dec 14 17:44:43 +0000 2017,0.373,0.0,0.627,0.8779,CBS News
182,"GOP Rep. Blake Farenthold will not seek re-election next year, two Republicans tell the Associated Press; lawmaker… https://t.co/joJ9viWxSy",Thu Dec 14 17:39:01 +0000 2017,0.0,0.0,1.0,0.0,CBS News
183,"""Net neutrality is internet freedom,"" FCC Commissioner Jessica Rosenworcel says. ""The future of the internet is the… https://t.co/v6cByVXiZx",Thu Dec 14 17:35:48 +0000 2017,0.0,0.0,1.0,0.0,CBS News
184,"""The apocalyptic rhetoric is quite something, even by Washington standards. No, the FCC is not ending the internet,… https://t.co/pXF7eH3DeA",Thu Dec 14 17:28:23 +0000 2017,0.0,0.28,0.72,-0.765,CBS News
185,"""The internet has functioned without net neutrality rules far longer than with them,"" FCC Commissioner Michael O'Ri… https://t.co/nK8OUfiGTN",Thu Dec 14 17:17:30 +0000 2017,0.0,0.0,1.0,0.0,CBS News
186,"""In the end, I'm simply not persuaded that heavy-handed rules are needed to protect against hypothetical harms,"" FC… https://t.co/hYIY70rFBk",Thu Dec 14 17:15:31 +0000 2017,0.126,0.0,0.874,0.3818,CBS News
187,"""What saddens me the most today is that the agency that is supposed to protect you is actually abandoning you. But… https://t.co/Ew648TV4FU",Thu Dec 14 17:12:52 +0000 2017,0.096,0.203,0.701,-0.4404,CBS News
188,"""When when the current protections are abandoned and the rules that have been officially in place since 2015 are re… https://t.co/3WpiUNFHut",Thu Dec 14 17:05:54 +0000 2017,0.0,0.13,0.87,-0.4588,CBS News
189,COMING UP: The FCC is expected to repeal its net neutrality rules -- which could mean a sweeping act of deregulatio… https://t.co/LBSP6OJweu,Thu Dec 14 17:01:33 +0000 2017,0.0,0.0,1.0,0.0,CBS News
190,"""What is striking, and in keeping with the new norm, is that despite the millions of comments, letters and calls re… https://t.co/geaB7aGrX5",Thu Dec 14 17:01:31 +0000 2017,0.0,0.0,1.0,0.0,CBS News
191,"""Today, the FCC majority is about to officially abandon that pledge and millions are watching and taking note,"" FCC… https://t.co/i4kM8lMAvI",Thu Dec 14 16:58:26 +0000 2017,0.0,0.132,0.868,-0.4404,CBS News
192,"SOON: A vote to change an Obama-era rule could affect how you use your favorite websites. A debate on ""net neutrali… https://t.co/UTTCrAne2h",Thu Dec 14 16:53:22 +0000 2017,0.136,0.0,0.864,0.4588,CBS News
193,"""The results are going to be what sells this bill, not the confusion before it passes,"" House Speaker Paul Ryan say… https://t.co/Yf8YiaO9a7",Thu Dec 14 16:46:08 +0000 2017,0.082,0.0,0.918,0.2235,CBS News
194,"""I think [Rep. Blake Farenthold] is making the right decision to retire,"" House Speaker Paul Ryan says… https://t.co/wpbPrkdVoH",Thu Dec 14 16:39:20 +0000 2017,0.0,0.0,1.0,0.0,CBS News
195,"WATCH LIVE: House Speaker Paul Ryan holds a new conference, one day after GOP leaders reached a tax bill compromise… https://t.co/6eN97DLHSY",Thu Dec 14 16:36:19 +0000 2017,0.072,0.0,0.928,0.1027,CBS News
196,"Filmmaker Morgan Spurlock confesses to sexual misconduct, saying that he is ""part of the problem,"" though no women… https://t.co/crFbZyNpqU",Thu Dec 14 16:29:01 +0000 2017,0.0,0.109,0.891,-0.296,CBS News
197,"Former Vice President Joe Biden is expressing regret over how he handled Anita Hill's 1991 hearing: ""I owe her an a… https://t.co/J5zpkL8s8x",Thu Dec 14 16:10:01 +0000 2017,0.0,0.118,0.882,-0.4215,CBS News
198,"As the federal government prepares to unravel sweeping net-neutrality rules, advocates of the regulations are braci… https://t.co/QQ3bLijklb",Thu Dec 14 15:50:01 +0000 2017,0.0,0.0,1.0,0.0,CBS News
199,"An 8-year-old boy may have endured more than a dozen pointless surgeries, after police believe his mother faked mul… https://t.co/33I5uWBVtJ",Thu Dec 14 15:45:02 +0000 2017,0.0,0.0,1.0,0.0,CBS News
200,Here's what to know about the latest US sanctions against Russia https://t.co/uia3i6dHbR https://t.co/IdIQ6U2i5i,Fri Dec 15 02:11:06 +0000 2017,0.0,0.0,1.0,0.0,CNN
201,"RT @AC360: The GOP is ""losing the future"": Republican Gov. John Kasich on his party's loss in Alabama https://t.co/1Co8qGKsfb",Fri Dec 15 02:02:05 +0000 2017,0.0,0.224,0.776,-0.5994,CNN
202,"On the five-year anniversary of the Sandy Hook massacre, White House press secretary Sarah Sanders says the Trump a… https://t.co/11ap9kc2zd",Fri Dec 15 02:01:03 +0000 2017,0.0,0.0,1.0,0.0,CNN
203,The US government is cutting aid to some Somali military units amid allegations of misuse of funds and corruption b… https://t.co/ErTAoX3Wq1,Fri Dec 15 01:54:34 +0000 2017,0.0,0.07,0.93,-0.128,CNN
204,RT @AC360: Democrat Sen. Mark Warner: Every senior Trump intel official acknowledges the threat of Russian interference https://t.co/9sMUUf…,Fri Dec 15 01:51:58 +0000 2017,0.0,0.167,0.833,-0.5267,CNN
205,"Long waits for medical care, possible misuse of solitary confinement and inappropriate treatment of detainees were… https://t.co/TIQJ26b5dC",Fri Dec 15 01:51:20 +0000 2017,0.167,0.0,0.833,0.4939,CNN
206,US Sen. Lindsey Graham said in an interview that he believes there's a 30% chance President Trump will order a firs… https://t.co/GtTCK03uKE,Fri Dec 15 01:45:44 +0000 2017,0.095,0.0,0.905,0.25,CNN
207,RT @AC360: Keeping Them Honest: The meddling in the election isn't some conspiracy. All the intelligence agencies say it happened. A threat…,Fri Dec 15 01:40:24 +0000 2017,0.338,0.0,0.662,0.8472,CNN
208,"""Child care deserts"" are leaving rural parents with few options https://t.co/Nu5jyNwqdm https://t.co/XMBarhSowz",Fri Dec 15 01:33:02 +0000 2017,0.225,0.0,0.775,0.4939,CNN
209,"""2017 has been a turbulent and trying year for women,"" but there are reasons to be optimistic about 2018, writes Ma… https://t.co/85m3KyP112",Fri Dec 15 01:28:28 +0000 2017,0.129,0.0,0.871,0.4497,CNN
210,What key Republican senators are saying about voting for the GOP tax plan https://t.co/PieUkgST4L https://t.co/LVj9oy6GBz,Fri Dec 15 01:20:33 +0000 2017,0.0,0.0,1.0,0.0,CNN
211,"An Ohio driver accused of plowing into a crowd protesting a white nationalist rally this summer in Charlottesville,… https://t.co/sX2znpkgTl",Fri Dec 15 01:19:09 +0000 2017,0.0,0.25,0.75,-0.6124,CNN
212,"RT @AC360: ""Very troubling ... a very serious national security threat"" Democrat Sen. Mark Warner reacts to report President Trump does not…",Fri Dec 15 01:15:47 +0000 2017,0.094,0.309,0.598,-0.7288,CNN
213,Democrats are crying foul at the GOP for planning to vote on the tax reform bill without waiting for Doug Jones to… https://t.co/GIcJ9tYqaY,Fri Dec 15 01:06:09 +0000 2017,0.0,0.124,0.876,-0.4767,CNN
214,"US President Trump spoke on the phone with his Russian counterpart Vladimir Putin, who earlier in the day praised p… https://t.co/KBhIVhsFEu",Fri Dec 15 01:01:04 +0000 2017,0.138,0.0,0.862,0.4939,CNN
215,"""Sunday Night Football"" takes a big hit as NFL ratings still struggle https://t.co/EJQAMu4ibm https://t.co/hyiAfNxk95",Fri Dec 15 00:54:01 +0000 2017,0.0,0.161,0.839,-0.3182,CNN
216,"RT @OutFrontCNN: ""We can't make them...it's a free economy, and we're a democracy, but what we can do is give them the incentives to do the…",Fri Dec 15 00:50:06 +0000 2017,0.11,0.069,0.821,0.273,CNN
217,A bill that could keep women from having abortions in Down syndrome cases is heading to Ohio Gov. John Kasich's des… https://t.co/GOfr0WlH5X,Fri Dec 15 00:49:49 +0000 2017,0.0,0.0,1.0,0.0,CNN
218,"RT @OutFrontCNN: ""He's trying one last time, I respect that. But...I don't think anyone thinks that Rubio is going to hold up this bill."" -…",Fri Dec 15 00:43:59 +0000 2017,0.119,0.0,0.881,0.4767,CNN
219,"Omarosa Manigault Newman, a senior staffer who recently departed the White House and the only African-American draw… https://t.co/vn2vLbqFEx",Fri Dec 15 00:42:49 +0000 2017,0.0,0.0,1.0,0.0,CNN
220,Here's what to know about the latest US sanctions against Russia https://t.co/uia3i6dHbR https://t.co/IdIQ6U2i5i,Fri Dec 15 02:11:06 +0000 2017,0.0,0.0,1.0,0.0,CNN
221,"RT @AC360: The GOP is ""losing the future"": Republican Gov. John Kasich on his party's loss in Alabama https://t.co/1Co8qGKsfb",Fri Dec 15 02:02:05 +0000 2017,0.0,0.224,0.776,-0.5994,CNN
222,"On the five-year anniversary of the Sandy Hook massacre, White House press secretary Sarah Sanders says the Trump a… https://t.co/11ap9kc2zd",Fri Dec 15 02:01:03 +0000 2017,0.0,0.0,1.0,0.0,CNN
223,The US government is cutting aid to some Somali military units amid allegations of misuse of funds and corruption b… https://t.co/ErTAoX3Wq1,Fri Dec 15 01:54:34 +0000 2017,0.0,0.07,0.93,-0.128,CNN
224,RT @AC360: Democrat Sen. Mark Warner: Every senior Trump intel official acknowledges the threat of Russian interference https://t.co/9sMUUf…,Fri Dec 15 01:51:58 +0000 2017,0.0,0.167,0.833,-0.5267,CNN
225,"Long waits for medical care, possible misuse of solitary confinement and inappropriate treatment of detainees were… https://t.co/TIQJ26b5dC",Fri Dec 15 01:51:20 +0000 2017,0.167,0.0,0.833,0.4939,CNN
226,US Sen. Lindsey Graham said in an interview that he believes there's a 30% chance President Trump will order a firs… https://t.co/GtTCK03uKE,Fri Dec 15 01:45:44 +0000 2017,0.095,0.0,0.905,0.25,CNN
227,RT @AC360: Keeping Them Honest: The meddling in the election isn't some conspiracy. All the intelligence agencies say it happened. A threat…,Fri Dec 15 01:40:24 +0000 2017,0.338,0.0,0.662,0.8472,CNN
228,"""Child care deserts"" are leaving rural parents with few options https://t.co/Nu5jyNwqdm https://t.co/XMBarhSowz",Fri Dec 15 01:33:02 +0000 2017,0.225,0.0,0.775,0.4939,CNN
229,"""2017 has been a turbulent and trying year for women,"" but there are reasons to be optimistic about 2018, writes Ma… https://t.co/85m3KyP112",Fri Dec 15 01:28:28 +0000 2017,0.129,0.0,0.871,0.4497,CNN
230,What key Republican senators are saying about voting for the GOP tax plan https://t.co/PieUkgST4L https://t.co/LVj9oy6GBz,Fri Dec 15 01:20:33 +0000 2017,0.0,0.0,1.0,0.0,CNN
231,"An Ohio driver accused of plowing into a crowd protesting a white nationalist rally this summer in Charlottesville,… https://t.co/sX2znpkgTl",Fri Dec 15 01:19:09 +0000 2017,0.0,0.25,0.75,-0.6124,CNN
232,"RT @AC360: ""Very troubling ... a very serious national security threat"" Democrat Sen. Mark Warner reacts to report President Trump does not…",Fri Dec 15 01:15:47 +0000 2017,0.094,0.309,0.598,-0.7288,CNN
233,Democrats are crying foul at the GOP for planning to vote on the tax reform bill without waiting for Doug Jones to… https://t.co/GIcJ9tYqaY,Fri Dec 15 01:06:09 +0000 2017,0.0,0.124,0.876,-0.4767,CNN
234,"US President Trump spoke on the phone with his Russian counterpart Vladimir Putin, who earlier in the day praised p… https://t.co/KBhIVhsFEu",Fri Dec 15 01:01:04 +0000 2017,0.138,0.0,0.862,0.4939,CNN
235,"""Sunday Night Football"" takes a big hit as NFL ratings still struggle https://t.co/EJQAMu4ibm https://t.co/hyiAfNxk95",Fri Dec 15 00:54:01 +0000 2017,0.0,0.161,0.839,-0.3182,CNN
236,"RT @OutFrontCNN: ""We can't make them...it's a free economy, and we're a democracy, but what we can do is give them the incentives to do the…",Fri Dec 15 00:50:06 +0000 2017,0.11,0.069,0.821,0.273,CNN
237,A bill that could keep women from having abortions in Down syndrome cases is heading to Ohio Gov. John Kasich's des… https://t.co/GOfr0WlH5X,Fri Dec 15 00:49:49 +0000 2017,0.0,0.0,1.0,0.0,CNN
238,"RT @OutFrontCNN: ""He's trying one last time, I respect that. But...I don't think anyone thinks that Rubio is going to hold up this bill."" -…",Fri Dec 15 00:43:59 +0000 2017,0.119,0.0,0.881,0.4767,CNN
239,"Omarosa Manigault Newman, a senior staffer who recently departed the White House and the only African-American draw… https://t.co/vn2vLbqFEx",Fri Dec 15 00:42:49 +0000 2017,0.0,0.0,1.0,0.0,CNN
240,The White House says it's not aware of anything that could have prevented Sandy Hook https://t.co/jT9QAw9DBT https://t.co/Qc7tSStu6G,Fri Dec 15 00:33:46 +0000 2017,0.064,0.0,0.936,0.0258,CNN
241,How Mueller's path was muddied in two weeks https://t.co/yuOlODAWbm https://t.co/Pz8HsokAkI,Fri Dec 15 00:30:53 +0000 2017,0.0,0.0,1.0,0.0,CNN
242,"A White House senior adviser at the Department of Homeland Security has previously:

- Promoted birtherism
- Said O… https://t.co/hHOPKBpbpJ",Fri Dec 15 00:18:56 +0000 2017,0.257,0.0,0.743,0.6369,CNN
243,RT @CNNPolitics: Democratic Sen. Ron Wyden says President Trump is “clearly stonewalling” new Russia sanctions https://t.co/lttDuw7d7j,Fri Dec 15 00:10:11 +0000 2017,0.0,0.0,1.0,0.0,CNN
244,Rep. Adam Schiff says he's concerned Republicans are working to end the Russia investigation https://t.co/QrYRvPeDtj https://t.co/wLTp2dKKBg,Fri Dec 15 00:01:09 +0000 2017,0.0,0.0,1.0,0.0,CNN
245,Rep. Adam Schiff on off-site interviews: The critical point is none of this is necessary; these witnesses are willi… https://t.co/G8UFhyBu6a,Thu Dec 14 23:54:34 +0000 2017,0.0,0.108,0.892,-0.3182,CNN
246,"Rep. Adam Schiff questions if Republicans are trying to shut down Russia probe, cites witness interviews being cond… https://t.co/yLR77GxOIA",Thu Dec 14 23:53:03 +0000 2017,0.0,0.0,1.0,0.0,CNN
247,The House Intelligence Committee plans to hold two off-site interviews in New York next week with high-profile witn… https://t.co/kdoGI4geXg,Thu Dec 14 23:50:41 +0000 2017,0.147,0.0,0.853,0.4767,CNN
248,21st Century Fox executive co-chairman Rupert Murdoch brushed off the sexual harassment scandals that have roiled F… https://t.co/i3a2ju584L,Thu Dec 14 23:46:04 +0000 2017,0.0,0.295,0.705,-0.7717,CNN
249,Trump literally cuts the red tape on regulations | Analysis by CNN's Brenna Williams https://t.co/XV4vmt4Qsc https://t.co/s4ABfVZz8t,Thu Dec 14 23:41:43 +0000 2017,0.0,0.136,0.864,-0.296,CNN
250,"35% of Interior Department employees say they were harassed in the past year, according to a newly released survey… https://t.co/SAdjQwcVtl",Thu Dec 14 23:14:20 +0000 2017,0.0,0.163,0.837,-0.5423,CNN
251,A UN official who just returned from several days speaking with North Korean officials in Pyongyang has told CNN th… https://t.co/8lhAulj2JR,Thu Dec 14 23:08:54 +0000 2017,0.0,0.0,1.0,0.0,CNN
252,Democrats are increasingly grappling with the likelihood that Congress could push a decision on DACA into January… https://t.co/BMyMxTuZcE,Thu Dec 14 23:03:29 +0000 2017,0.0,0.0,1.0,0.0,CNN
253,"Sen. Ron Wyden: “If there’s any effort by the President to interfere with Bob Mueller’s work, I think that’s going… https://t.co/h2dx0yzBgM",Thu Dec 14 22:49:51 +0000 2017,0.0,0.0,1.0,0.0,CNN
254,"RT @TheLeadCNN: Speaker Paul Ryan has had soul searching conversations about his future with friends, some of his close friends tell CNN. T…",Thu Dec 14 22:47:52 +0000 2017,0.228,0.0,0.772,0.7351,CNN
255,5 reasons why Paul Ryan should definitely quit in 2018 | Analysis by CNN's Chris Cillizza https://t.co/3Dj9tHiPlz https://t.co/1YP5m0o90c,Thu Dec 14 22:47:14 +0000 2017,0.153,0.0,0.847,0.4019,CNN
256,"The vote to roll back #netneutrality rules was slammed by tech giants like Amazon, Facebook and Netflix.

It was ap… https://t.co/YPICOEoTzj",Thu Dec 14 22:47:13 +0000 2017,0.181,0.0,0.819,0.4939,CNN
257,RT @CNNSitRoom: Sen. Marco Rubio told congressional leadership that he will not support the latest version of the GOP tax bill if the legis…,Thu Dec 14 22:34:18 +0000 2017,0.0,0.089,0.911,-0.3089,CNN
258,Republican Sen. Marco Rubio says he will not support the latest version of the GOP tax bill if the legislation does… https://t.co/bwHgKGKZVw,Thu Dec 14 22:31:19 +0000 2017,0.0,0.097,0.903,-0.3089,CNN
259,"Refinery29 is laying off 34 employees, about 7% of its workforce, citing ""the challenges and tough decisions that c… https://t.co/2JFY2IIonJ",Thu Dec 14 22:24:58 +0000 2017,0.062,0.072,0.865,-0.0516,CNN
260,"Cruise control designs could solve the vexing problem of phantom traffic jams, in which cars suddenly screech to a… https://t.co/xamVmmsaiW",Thu Dec 14 22:19:27 +0000 2017,0.073,0.233,0.694,-0.5994,CNN
261,Amazon and Google are fighting an increasingly ugly battle that could drag their customers and their future busines… https://t.co/3mZBYrEl0v,Thu Dec 14 22:13:51 +0000 2017,0.065,0.396,0.538,-0.8225,CNN
262,"The outside money that fueled a Doug Jones win, visualized https://t.co/PRql6SRrBo https://t.co/r3P20R5p8w",Thu Dec 14 22:08:23 +0000 2017,0.275,0.0,0.725,0.5859,CNN
263,Climate change in the Northern Arctic is happening so quickly it's forcing NOAA and others to rewrite a data-correc… https://t.co/wd38WfXa4Q,Thu Dec 14 22:00:49 +0000 2017,0.0,0.0,1.0,0.0,CNN
264,1 number that suggests a MAJOR Democratic wave is coming in 2018 | Analysis by CNN's Chris Cillizza https://t.co/62IfplfkTg,Thu Dec 14 21:45:17 +0000 2017,0.08,0.0,0.92,0.0772,CNN
265,"Disney doubles down on sports, despite ESPN woes https://t.co/WUWBwqSV7i https://t.co/DgDs8YpYq5",Thu Dec 14 21:34:06 +0000 2017,0.211,0.0,0.789,0.3412,CNN
266,"Sources in the Senate tell CNN they have been worried about Sen. John McCain recently, describing him as looking in… https://t.co/SZ6KMhOqwW",Thu Dec 14 21:29:00 +0000 2017,0.0,0.099,0.901,-0.296,CNN
267,"RT @CNNnewsroom: As Republican state Rep. Dan Johnson is found dead of a single gunshot wound, Brendan McCarthy - of the Kentucky Center fo…",Thu Dec 14 21:27:08 +0000 2017,0.0,0.17,0.83,-0.6486,CNN
268,"With a $4,999 starting price, Apple has released its most expensive computer yet. This iMac Pro could set you back… https://t.co/SZmbu1WMFx",Thu Dec 14 21:16:00 +0000 2017,0.0,0.0,1.0,0.0,CNN
269,"Ady Barkan, who is battling ALS and confronted Sen. Jeff Flake while on a flight, says he's concerned about how the… https://t.co/zW9WgfHSkE",Thu Dec 14 20:58:12 +0000 2017,0.0,0.17,0.83,-0.4404,CNN
270,"""I was a healthy 33-year-old, and I'm not going to be a healthy 34-year-old"": Ady Barkan, who is battling ALS and c… https://t.co/wqKb25Pf6e",Thu Dec 14 20:46:41 +0000 2017,0.212,0.082,0.706,0.5106,CNN
271,"""The political upsets we've seen this year in New Jersey, Virginia and Alabama represent not so much a blue wave as… https://t.co/cY8pEuBDlu",Thu Dec 14 20:29:17 +0000 2017,0.0,0.111,0.889,-0.3612,CNN
272,"President Trump cuts ribbon meant to symbolize ""red tape"" to show his administration’s goal of cutting regulations… https://t.co/0qp0yI9Ut3",Thu Dec 14 20:07:56 +0000 2017,0.0,0.188,0.812,-0.4019,CNN
273,RT @CNNPolitics: President Trump shows off a chart of regulations on highway permits https://t.co/CfD0xBQJuC,Thu Dec 14 20:00:01 +0000 2017,0.0,0.0,1.0,0.0,CNN
274,"“Let’s cut the red tape,” President Trump says before snipping a red ribbon between stacks of paper meant to show h… https://t.co/nfmWUzrdL4",Thu Dec 14 19:56:58 +0000 2017,0.0,0.095,0.905,-0.2732,CNN
275,"RT @CNNPolitics: President Trump: ""I am challenging my cabinet to find and remove every single outdated, unlawful and excessive regulation…",Thu Dec 14 19:44:10 +0000 2017,0.078,0.0,0.922,0.1531,CNN
276,"President Trump says his administration has achieved ""regulatory savings"" for the first time in decades: ""For every… https://t.co/3RLrU4CXmp",Thu Dec 14 19:43:00 +0000 2017,0.0,0.0,1.0,0.0,CNN
277,An accomplished British surgeon has admitted branding two of his patients' livers with his initials… https://t.co/vswR6HWWsi,Thu Dec 14 19:39:08 +0000 2017,0.235,0.0,0.765,0.5106,CNN
278,President Trump speaks at the White House as the GOP's tax bill nears final vote. Watch CNN: https://t.co/UYpqI3w42L https://t.co/OcwOF0aPUu,Thu Dec 14 19:34:44 +0000 2017,0.0,0.0,1.0,0.0,CNN
279,"The 20 children and six adults killed five years ago at Sandy Hook Elementary School in Newtown, Connecticut will b… https://t.co/PxedfjAPEs",Thu Dec 14 19:30:13 +0000 2017,0.0,0.184,0.816,-0.6705,CNN
280,"John McCain calls out Trump for his anti-media remarks, saying the President ""must understand his harmful rhetoric… https://t.co/xb95lkKb1s",Thu Dec 14 19:20:07 +0000 2017,0.0,0.0,1.0,0.0,CNN
281,An American diplomat who resigned in disgust last week says she believes the Trump administration is putting Americ… https://t.co/OoWLjnB4SZ,Thu Dec 14 19:09:05 +0000 2017,0.0,0.258,0.742,-0.7096,CNN
282,"House Speaker Paul Ryan has had conversations about his future with friends, who say they believe it's possible he… https://t.co/llVDGpJ55u",Thu Dec 14 18:58:54 +0000 2017,0.14,0.0,0.86,0.4767,CNN
283,"For the first time, eight planets have been found orbiting a distant star, Kepler-90, 2,545 light-years from Earth,… https://t.co/l3L88kTmh9",Thu Dec 14 18:40:11 +0000 2017,0.0,0.0,1.0,0.0,CNN
284,"Residents of Beattyville, Kentucky, voted overwhelmingly for Donald Trump a year ago because he promised them jobs… https://t.co/hqGPKsuNDh",Thu Dec 14 18:32:31 +0000 2017,0.132,0.079,0.789,0.25,CNN
285,"RT @CNNnewsroom: ""Today's a big day for all of us as internet consumers,"" says @LaurieSegallCNN after FCC votes to repeal Obama-era net neu…",Thu Dec 14 18:25:39 +0000 2017,0.0,0.0,1.0,0.0,CNN
286,"JUST IN: The Republican-led Federal Communications Commission votes 3-2, along party lines, to repeal Obama-era net… https://t.co/dOkAKF75J3",Thu Dec 14 18:19:15 +0000 2017,0.144,0.0,0.856,0.4019,CNN
287,"RT @cnni: ""We're sorry, but you don't have access to Web Video Service. Would you like to add it for $9.99 a month?"" Prepare for messages l…",Thu Dec 14 18:14:16 +0000 2017,0.114,0.04,0.845,0.4767,CNN
288,"Roy Moore continues to refuse to concede the Alabama special election, saying in a new video that his campaign is w… https://t.co/Amq0bfZ7PW",Thu Dec 14 18:10:10 +0000 2017,0.113,0.092,0.795,0.128,CNN
289,"“On advice of security, we need to take a brief recess,” Chairman Ajit Pai said after he was handed a note at the F… https://t.co/kEdfp2qVMN",Thu Dec 14 17:59:39 +0000 2017,0.098,0.0,0.902,0.34,CNN
290,Do you have a question about #NetNeutrality? Ask it here and we'll do our best to answer: https://t.co/mcsgBKddN5… https://t.co/t41KNrgImx,Thu Dec 14 17:50:07 +0000 2017,0.198,0.0,0.802,0.6369,CNN
291,"A month after a New York woman died, someone used her identity to campaign against net neutrality… https://t.co/52UodOMZHI",Thu Dec 14 17:40:05 +0000 2017,0.0,0.194,0.806,-0.5574,CNN
292,Two US F-22 stealth fighters fired warning flares during an intercept on Wednesday of Russian jets flying east of t… https://t.co/Mv0nNzhUrP,Thu Dec 14 17:30:13 +0000 2017,0.0,0.333,0.667,-0.7579,CNN
293,Former VP Joe Biden says he owes Anita Hill an apology for not doing more for her during confirmation hearings for… https://t.co/nkMVgT4K2P,Thu Dec 14 17:20:12 +0000 2017,0.054,0.0,0.946,0.0516,CNN
294,"These smart, self-driving buses are being tested in China: https://t.co/xSDP2kh4OQ via CNN Tech https://t.co/ufuQhDNiOC",Thu Dec 14 17:10:03 +0000 2017,0.172,0.0,0.828,0.4019,CNN
295,"The AR-15: How an 'ugly,' unwanted weapon became the most popular rifle in America https://t.co/oA95wDRAk1 https://t.co/bOC5HGF3j9",Thu Dec 14 16:59:06 +0000 2017,0.153,0.203,0.644,-0.0018,CNN
296,"The FCC is meeting to discuss a controversial plan to repeal Obama-era net neutrality protections.

Watch:… https://t.co/85vkvoQ1GC",Thu Dec 14 16:48:57 +0000 2017,0.0,0.107,0.893,-0.2023,CNN
297,"Rick Santorum: President Trump's ""personal antics"" are damaging his agenda https://t.co/Ng9AtCufSg https://t.co/rtqy5Msw7S",Thu Dec 14 16:45:14 +0000 2017,0.0,0.231,0.769,-0.5106,CNN
298,'The Simpsons' predicted Disney would buy Fox in an episode that aired way back in 1998 https://t.co/VbVDHI0tQq https://t.co/nlZkBfnhbd,Thu Dec 14 16:31:09 +0000 2017,0.0,0.0,1.0,0.0,CNN
299,"Discount drugmaker Teva Pharmaceutical says it will slash 14,000 jobs around the world in an attempt to stabilize t… https://t.co/3ChgSvnvXX",Thu Dec 14 16:20:07 +0000 2017,0.0,0.1,0.9,-0.2732,CNN
300,".@MarkSteynOnline: ""I think occasionally, 'Do I really want to be alone with a female employee now?' Who knows how… https://t.co/ymlFeuy6Rs",Fri Dec 15 02:08:13 +0000 2017,0.069,0.103,0.828,-0.1706,Fox News
301,.@seanhannity on James Comey's newly uncovered draft statement on the investigation into @HillaryClinton's emails:… https://t.co/SAssLFiA7G,Fri Dec 15 02:06:21 +0000 2017,0.0,0.0,1.0,0.0,Fox News
302,".@KatiePavlich: ""Feminists have to make a choice - they either want to be treated like men as they claim, and then… https://t.co/R4MCWMLnV4",Fri Dec 15 02:05:01 +0000 2017,0.174,0.0,0.826,0.4215,Fox News
303,".@TuckerCarlson: ""Imagine if you were accused by someone, whose name you didn't know, of a misdeed you couldn't rem… https://t.co/9WnfR8ZVeO",Fri Dec 15 01:45:03 +0000 2017,0.0,0.109,0.891,-0.296,Fox News
304,Officers with the Fairfax County Police Department in Virginia visited Inova Children's Hospital to deliver Christm… https://t.co/tOrrwweYAy,Fri Dec 15 01:42:39 +0000 2017,0.0,0.0,1.0,0.0,Fox News
305,".@AlanDersh: ""Transparency trumps privacy when you're a government official.""  #Tucker https://t.co/VcHhTbZ61h",Fri Dec 15 01:33:42 +0000 2017,0.0,0.0,1.0,0.0,Fox News
306,".@AlanDersh: ""Does anybody want to live under a judicial system where one's freedom depends on whether the conduct… https://t.co/hljaw2kPcj",Fri Dec 15 01:28:19 +0000 2017,0.256,0.0,0.744,0.6705,Fox News
307,".@SenRonJohnson on @HillaryClinton email investigation: ""I have no idea why the @FBI just doesn't come clean and pr… https://t.co/GvdJc8vt4s",Fri Dec 15 01:21:22 +0000 2017,0.0,0.208,0.792,-0.5358,Fox News
308,".@SenRonJohnson on @HillaryClinton email probe: ""This is not an investigation that was serious about uncovering the… https://t.co/EWQPT0yrDy",Fri Dec 15 01:15:08 +0000 2017,0.0,0.075,0.925,-0.0772,Fox News
309,Philadelphia City Council approves bill to remove bulletproof glass from storefronts https://t.co/BwjVPWzoJP,Fri Dec 15 01:00:22 +0000 2017,0.197,0.0,0.803,0.4019,Fox News
310,".@robertjeffress on @POTUS' Israel decision: ""President @realDonaldTrump is not only on the right side of history,… https://t.co/WZ7YnnAuaj",Fri Dec 15 00:59:17 +0000 2017,0.0,0.0,1.0,0.0,Fox News
311,".@robertjeffress on @POTUS' Israel decision: ""I thank President #Trump for having the guts for doing what no other… https://t.co/1H6TYFVY4L",Fri Dec 15 00:57:23 +0000 2017,0.115,0.101,0.783,0.0772,Fox News
312,".@Judgenap: It Doesn't Matter Who Made Edits to Clinton Statement, Comey's Responsible https://t.co/QHptKJsMoE",Fri Dec 15 00:54:22 +0000 2017,0.16,0.075,0.765,0.3018,Fox News
313,Catherine Herridge shares new details about an early draft of then-@FBI Director Comey's statement which recommende… https://t.co/au9cbWPTVX,Fri Dec 15 00:53:58 +0000 2017,0.121,0.0,0.879,0.296,Fox News
314,"Former Clinton Strategist: Mueller, FBI Face 'Crisis in Public Confidence' https://t.co/4BKuNg0AfA",Fri Dec 15 00:52:30 +0000 2017,0.201,0.25,0.549,-0.2023,Fox News
315,".@marcthiessen on @POTUS slashing government regulations: ""What he did today with regulations is hugely important b… https://t.co/UqBi1LBvd6",Fri Dec 15 00:48:57 +0000 2017,0.109,0.109,0.782,-0.0018,Fox News
316,"Matt Bennett on @POTUS slashing government regulations: ""He's not gonna be able to save the Senate based on cutting… https://t.co/m2FZKtkdcz",Fri Dec 15 00:46:55 +0000 2017,0.137,0.09,0.773,0.2732,Fox News
317,".@marcthiessen on 2018 midterm elections: ""@realDonaldTrump doesn't have to have national approval ratings because… https://t.co/y3OOkCV9DG",Fri Dec 15 00:44:26 +0000 2017,0.181,0.0,0.819,0.4767,Fox News
318,".@LarrySabato on 2018 midterm elections: ""Democrats have 10 seats with Democratic senators coming up in states that… https://t.co/Ki6CSuQCB5",Fri Dec 15 00:41:44 +0000 2017,0.0,0.0,1.0,0.0,Fox News
319,"Larry Sabato on Democrats during 2018 midterm elections: ""The out-of-power party tends to be energized at midterm e… https://t.co/hBjewCgpKe",Fri Dec 15 00:37:48 +0000 2017,0.261,0.0,0.739,0.7184,Fox News
320,".@MarkSteynOnline: ""I think occasionally, 'Do I really want to be alone with a female employee now?' Who knows how… https://t.co/ymlFeuy6Rs",Fri Dec 15 02:08:13 +0000 2017,0.069,0.103,0.828,-0.1706,Fox News
321,.@seanhannity on James Comey's newly uncovered draft statement on the investigation into @HillaryClinton's emails:… https://t.co/SAssLFiA7G,Fri Dec 15 02:06:21 +0000 2017,0.0,0.0,1.0,0.0,Fox News
322,".@KatiePavlich: ""Feminists have to make a choice - they either want to be treated like men as they claim, and then… https://t.co/R4MCWMLnV4",Fri Dec 15 02:05:01 +0000 2017,0.174,0.0,0.826,0.4215,Fox News
323,".@TuckerCarlson: ""Imagine if you were accused by someone, whose name you didn't know, of a misdeed you couldn't rem… https://t.co/9WnfR8ZVeO",Fri Dec 15 01:45:03 +0000 2017,0.0,0.109,0.891,-0.296,Fox News
324,Officers with the Fairfax County Police Department in Virginia visited Inova Children's Hospital to deliver Christm… https://t.co/tOrrwweYAy,Fri Dec 15 01:42:39 +0000 2017,0.0,0.0,1.0,0.0,Fox News
325,".@AlanDersh: ""Transparency trumps privacy when you're a government official.""  #Tucker https://t.co/VcHhTbZ61h",Fri Dec 15 01:33:42 +0000 2017,0.0,0.0,1.0,0.0,Fox News
326,".@AlanDersh: ""Does anybody want to live under a judicial system where one's freedom depends on whether the conduct… https://t.co/hljaw2kPcj",Fri Dec 15 01:28:19 +0000 2017,0.256,0.0,0.744,0.6705,Fox News
327,".@SenRonJohnson on @HillaryClinton email investigation: ""I have no idea why the @FBI just doesn't come clean and pr… https://t.co/GvdJc8vt4s",Fri Dec 15 01:21:22 +0000 2017,0.0,0.208,0.792,-0.5358,Fox News
328,".@SenRonJohnson on @HillaryClinton email probe: ""This is not an investigation that was serious about uncovering the… https://t.co/EWQPT0yrDy",Fri Dec 15 01:15:08 +0000 2017,0.0,0.075,0.925,-0.0772,Fox News
329,Philadelphia City Council approves bill to remove bulletproof glass from storefronts https://t.co/BwjVPWzoJP,Fri Dec 15 01:00:22 +0000 2017,0.197,0.0,0.803,0.4019,Fox News
330,".@robertjeffress on @POTUS' Israel decision: ""President @realDonaldTrump is not only on the right side of history,… https://t.co/WZ7YnnAuaj",Fri Dec 15 00:59:17 +0000 2017,0.0,0.0,1.0,0.0,Fox News
331,".@robertjeffress on @POTUS' Israel decision: ""I thank President #Trump for having the guts for doing what no other… https://t.co/1H6TYFVY4L",Fri Dec 15 00:57:23 +0000 2017,0.115,0.101,0.783,0.0772,Fox News
332,".@Judgenap: It Doesn't Matter Who Made Edits to Clinton Statement, Comey's Responsible https://t.co/QHptKJsMoE",Fri Dec 15 00:54:22 +0000 2017,0.16,0.075,0.765,0.3018,Fox News
333,Catherine Herridge shares new details about an early draft of then-@FBI Director Comey's statement which recommende… https://t.co/au9cbWPTVX,Fri Dec 15 00:53:58 +0000 2017,0.121,0.0,0.879,0.296,Fox News
334,"Former Clinton Strategist: Mueller, FBI Face 'Crisis in Public Confidence' https://t.co/4BKuNg0AfA",Fri Dec 15 00:52:30 +0000 2017,0.201,0.25,0.549,-0.2023,Fox News
335,".@marcthiessen on @POTUS slashing government regulations: ""What he did today with regulations is hugely important b… https://t.co/UqBi1LBvd6",Fri Dec 15 00:48:57 +0000 2017,0.109,0.109,0.782,-0.0018,Fox News
336,"Matt Bennett on @POTUS slashing government regulations: ""He's not gonna be able to save the Senate based on cutting… https://t.co/m2FZKtkdcz",Fri Dec 15 00:46:55 +0000 2017,0.137,0.09,0.773,0.2732,Fox News
337,".@marcthiessen on 2018 midterm elections: ""@realDonaldTrump doesn't have to have national approval ratings because… https://t.co/y3OOkCV9DG",Fri Dec 15 00:44:26 +0000 2017,0.181,0.0,0.819,0.4767,Fox News
338,".@LarrySabato on 2018 midterm elections: ""Democrats have 10 seats with Democratic senators coming up in states that… https://t.co/Ki6CSuQCB5",Fri Dec 15 00:41:44 +0000 2017,0.0,0.0,1.0,0.0,Fox News
339,"Larry Sabato on Democrats during 2018 midterm elections: ""The out-of-power party tends to be energized at midterm e… https://t.co/hBjewCgpKe",Fri Dec 15 00:37:48 +0000 2017,0.261,0.0,0.739,0.7184,Fox News
340,".@jasoninthehouse on Comey's draft statement on #Clinton email probe: ""Why are we supposed to just believe everythi… https://t.co/xVIC7yatl3",Fri Dec 15 00:33:58 +0000 2017,0.0,0.0,1.0,0.0,Fox News
341,"Mark Penn on anti-Trump text messages: ""It's pretty obvious here that these text messages are only gonna pile on to… https://t.co/LrRg5uLr3V",Fri Dec 15 00:18:50 +0000 2017,0.138,0.0,0.862,0.4939,Fox News
342,.@kimguilfoyle: Edits on Comey's Clinton Memo Show He 'Overstepped His Bounds' https://t.co/lTgLdPi7vQ,Fri Dec 15 00:16:23 +0000 2017,0.0,0.0,1.0,0.0,Fox News
343,".@MZHemingway: ""Ultimately, we are talking about whether you can trust our @FBI to do a good job investigating peop… https://t.co/F6THU9qUl1",Fri Dec 15 00:07:07 +0000 2017,0.267,0.0,0.733,0.7351,Fox News
344,"""The job of the @FBI is not to decide whom to prosecute, but to present the evidence to professional prosecutors in… https://t.co/43AR0tgfVX",Thu Dec 14 23:57:47 +0000 2017,0.0,0.081,0.919,-0.2144,Fox News
345,"Long Island woman laundered money to ISIS through Bitcoin, prosecutors say https://t.co/XJSQ4Vq3Xi",Thu Dec 14 23:42:03 +0000 2017,0.0,0.0,1.0,0.0,Fox News
346,"RT @MikeEmanuelFox: Not all Republicans are on board with the current tax package - from #SpecialReport with @bretbaier tonight:

https://t…",Thu Dec 14 23:40:51 +0000 2017,0.0,0.0,1.0,0.0,Fox News
347,".@OrrinHatch on tax reform bill: ""It's going to be a major reduction in taxes...We want to hold onto that and I thi… https://t.co/ZJVSQpR4q0",Thu Dec 14 23:31:25 +0000 2017,0.061,0.0,0.939,0.0772,Fox News
348,Female Democratic lawmaker walks back comments on women's wardrobes being an 'invitation' to harassment https://t.co/u3J7YI4QAo,Thu Dec 14 23:19:06 +0000 2017,0.0,0.2,0.8,-0.5423,Fox News
349,"RT @FoxNewsResearch: #StarWars 
•Last Jedi: 9th Star Wars movie since 1977
•Franchise-to-date: $7.3+ billion box office worldwide 
•2015: T…",Thu Dec 14 23:18:18 +0000 2017,0.0,0.167,0.833,-0.5574,Fox News
350,#SantaClaus handed out candy canes to kids during a celebration for the #USSAsheville's arrival at the @USNavy's… https://t.co/7c5S5tcM7c,Thu Dec 14 23:05:28 +0000 2017,0.0,0.0,1.0,0.0,Fox News
351,"Evergreen professor who made anti-white comments resigns, gets $240G settlement https://t.co/X5jGDfzTaX",Thu Dec 14 23:01:10 +0000 2017,0.0,0.187,0.813,-0.3182,Fox News
352,GOP senators hold back support for tax bill over child tax credit https://t.co/NAMfTVdO5G,Thu Dec 14 22:46:50 +0000 2017,0.325,0.0,0.675,0.6486,Fox News
353,".@kimguilfoyle on James Comey ""overstepping his bounds"": ""What it looks like is they actually tried to tip the scal… https://t.co/QmuMC0enkK",Thu Dec 14 22:37:12 +0000 2017,0.116,0.0,0.884,0.3612,Fox News
354,"Comey edits revealed: Remarks on Clinton probe were watered down, documents show https://t.co/jpx1nMxGZ6",Thu Dec 14 22:33:38 +0000 2017,0.0,0.0,1.0,0.0,Fox News
355,"'Draining the Swamp': @POTUS Literally Cuts Red Tape, Touts Historic Regulatory Reform https://t.co/LJYvrUXCzh",Thu Dec 14 22:31:31 +0000 2017,0.0,0.231,0.769,-0.3182,Fox News
356,Ex-NBC News production assistant reveals secret relationship with Matt Lauer https://t.co/Tvj3AmcDdi,Thu Dec 14 22:25:10 +0000 2017,0.0,0.0,1.0,0.0,Fox News
357,"US fighter jets 'head-butt' Russian jets in Syria, US official says https://t.co/GSLnkjCqYT",Thu Dec 14 22:12:11 +0000 2017,0.127,0.0,0.873,0.1531,Fox News
358,Fertility doctor accused of impregnating patients with own sperm receives no jail time https://t.co/gOwHMZKFDN,Thu Dec 14 22:03:15 +0000 2017,0.0,0.268,0.732,-0.5267,Fox News
359,"Lee Carter on Rubio voting ""no"" GOP tax bill: ""I think @marcorubio is trying to be a hero for the middle class.""… https://t.co/FMen8lQi76",Thu Dec 14 22:01:05 +0000 2017,0.146,0.0,0.854,0.5574,Fox News
360,"Arizona man accused of burning down $40,000 Christmas tree https://t.co/0FwYhVX7AB",Thu Dec 14 21:54:52 +0000 2017,0.0,0.196,0.804,-0.296,Fox News
361,"Doug Burns on anti-Trump text messages: ""You're entitled to have your own private political opinion, that's true, b… https://t.co/vvo4S8nIUC",Thu Dec 14 21:43:28 +0000 2017,0.224,0.0,0.776,0.5994,Fox News
362,".@BuckSexton on ISIS threats in NYC: ""In the era of lone wolf Jihadism that we're in right now, you never know. All… https://t.co/yhGYHt7nxk",Thu Dec 14 21:35:26 +0000 2017,0.0,0.189,0.811,-0.5994,Fox News
363,".@BuckSexton on ISIS threats to NYC: ""A big part of how Jihadists pick their targets is symbolism and that's why Ne… https://t.co/XzOTDJyjWA",Thu Dec 14 21:32:17 +0000 2017,0.0,0.118,0.882,-0.4215,Fox News
364,Widow of Kentucky State Rep. Dan Johnson says she'll pursue his seat https://t.co/IgsJfAa02i,Thu Dec 14 21:28:08 +0000 2017,0.0,0.0,1.0,0.0,Fox News
365,Fivo the elf has left the shelf for fun in the snow with the Long Branch Police Department. https://t.co/ldoijqwce9,Thu Dec 14 21:15:26 +0000 2017,0.155,0.0,0.845,0.5106,Fox News
366,"Republicans turn focus to FBI's McCabe over texts on 'insurance' against Trump - via @brookefoxnews
https://t.co/FDiPZyhd1j",Thu Dec 14 21:13:18 +0000 2017,0.0,0.0,1.0,0.0,Fox News
367,Officials confirm first firefighter death in California. https://t.co/KkoA2UoBCD,Thu Dec 14 20:46:32 +0000 2017,0.0,0.358,0.642,-0.5994,Fox News
368,"Moments ago, First Lady Melania Trump released the official 2017 First Couple #Christmas portrait, and wished every… https://t.co/RJ8I2SVG2y",Thu Dec 14 20:36:52 +0000 2017,0.0,0.0,1.0,0.0,Fox News
369,"Moments ago, @FLOTUS released the official 2017 First Couple #Christmas portrait. https://t.co/m5bmlsF6j2",Thu Dec 14 20:31:48 +0000 2017,0.0,0.0,1.0,0.0,Fox News
370,What stays with Fox. https://t.co/8nyD4uw6fJ,Thu Dec 14 20:28:20 +0000 2017,0.0,0.0,1.0,0.0,Fox News
371,What @Disney gets. https://t.co/Mpg6PZUZAg,Thu Dec 14 20:27:58 +0000 2017,0.0,0.0,1.0,0.0,Fox News
372,".@JMFreeSpeech: Is it time for a national ID card to prevent terror attacks? 
https://t.co/W7bSrTJTCD",Thu Dec 14 20:26:41 +0000 2017,0.063,0.362,0.575,-0.7351,Fox News
373,.@SecNielsen: Still Need Congress to Approve Funds for New Border Wall Sections https://t.co/CYsrlbLY79 https://t.co/qpCsGcsUoa,Thu Dec 14 20:23:07 +0000 2017,0.0,0.0,1.0,0.0,Fox News
374,.@POTUS cuts the red tape. https://t.co/GkoTCpEDAr,Thu Dec 14 20:18:22 +0000 2017,0.0,0.306,0.694,-0.296,Fox News
375,".@KatiePavlich: ""Feminists have to make a choice - they either want to be treated like men as they claim, and then… https://t.co/Fb32qs2zZW",Thu Dec 14 20:15:05 +0000 2017,0.174,0.0,0.826,0.4215,Fox News
376,LiAngelo Ball: UCLA Made Me Thank @POTUS After China Shoplifting Arrest https://t.co/FSFyaLaIaA https://t.co/7rNgndveUT,Thu Dec 14 20:12:56 +0000 2017,0.157,0.151,0.692,0.0258,Fox News
377,".@POTUS: ""In 1960, there were approximately 20,000 pages in the code of federal regulations. Today there are over 1… https://t.co/vg9MjrQDZc",Thu Dec 14 20:03:45 +0000 2017,0.0,0.0,1.0,0.0,Fox News
378,"""For the first time in decades, we achieved regulatory savings. Hasn't happened in many decades. We blew our target… https://t.co/DfitBMGpCI",Thu Dec 14 20:03:07 +0000 2017,0.0,0.0,1.0,0.0,Fox News
379,"RT @HARRISFAULKNER: Following the #breakingnews of Speaker Ryan's potential retirement plans, @Kellyannepolls discusses his role in the Hou…",Thu Dec 14 19:49:50 +0000 2017,0.0,0.0,1.0,0.0,Fox News
380,RT @HARRISFAULKNER: .@KellyannePolls comments on the departure of Omarosa from the White House on #OutnumberedOT https://t.co/UACcehLnhl,Thu Dec 14 19:47:51 +0000 2017,0.0,0.0,1.0,0.0,Fox News
381,RT @HARRISFAULKNER: Watch NOW on @OutnumberedOT as @KellyannePolls discusses the Republican Party going into 2018 following the Alabama Sen…,Thu Dec 14 19:46:47 +0000 2017,0.13,0.0,0.87,0.4019,Fox News
382,.@POTUS cuts the red tape. https://t.co/JHDzDnsu3X,Thu Dec 14 19:45:38 +0000 2017,0.0,0.306,0.694,-0.296,Fox News
383,".@POTUS: ""I like @OMAROSA. Omarosa's a good person."" https://t.co/W63v4I3qNe",Thu Dec 14 19:44:52 +0000 2017,0.474,0.0,0.526,0.6597,Fox News
384,".@POTUS: ""We are Americans and the future belongs to us."" https://t.co/BJTcEhSxyy",Thu Dec 14 19:42:27 +0000 2017,0.0,0.0,1.0,0.0,Fox News
385,".@POTUS: ""Truly, we are draining the swamp."" https://t.co/sa46F4hM2K",Thu Dec 14 19:41:57 +0000 2017,0.0,0.0,1.0,0.0,Fox News
386,".@POTUS: ""Regulation is a stealth taxation."" https://t.co/iabZ1bl3sG",Thu Dec 14 19:41:14 +0000 2017,0.0,0.206,0.794,-0.0772,Fox News
387,".@POTUS: ""In 1960, there were approximately 20,000 pages in the code of federal regulations. Today there are over 1… https://t.co/bPjRblwE1R",Thu Dec 14 19:40:24 +0000 2017,0.0,0.0,1.0,0.0,Fox News
388,".@POTUS: ""Cutting through this maze is critical to restoring our nation's competitiveness."" https://t.co/6dWZynl7VL",Thu Dec 14 19:38:54 +0000 2017,0.138,0.237,0.625,-0.1531,Fox News
389,".@POTUS: ""The stock market is soaring to new record levels."" https://t.co/p36roXEKTw",Thu Dec 14 19:37:04 +0000 2017,0.0,0.0,1.0,0.0,Fox News
390,".@POTUS: ""For every one new regulation, we have eliminated 22."" https://t.co/qDn4VvBEZD",Thu Dec 14 19:36:26 +0000 2017,0.0,0.0,1.0,0.0,Fox News
391,".@POTUS: ""For the first time in decades, we achieved regulatory savings. Hasn't happened in many decades. We blew o… https://t.co/2s14xDd8OK",Thu Dec 14 19:35:38 +0000 2017,0.0,0.0,1.0,0.0,Fox News
392,".@POTUS: ""We ordered that for every one new regulation two old regulations must be eliminated."" https://t.co/eGEKWswZQp",Thu Dec 14 19:34:48 +0000 2017,0.0,0.0,1.0,0.0,Fox News
393,Stormy has some explaining to do! https://t.co/lSKsPOReMe https://t.co/Lxwqmz5XZ7,Thu Dec 14 19:23:38 +0000 2017,0.0,0.0,1.0,0.0,Fox News
394,".@replouiegohmert: ""So many on the Special... Counsel's force aren't just biased - they're oozing hatred for Trump… https://t.co/DGPqjlcalp",Thu Dec 14 19:20:01 +0000 2017,0.086,0.2,0.714,-0.5245,Fox News
395,.@PressSec: Admin. strives to be more diverse. https://t.co/mmPwNfvicP,Thu Dec 14 19:17:23 +0000 2017,0.0,0.0,1.0,0.0,Fox News
396,".@carolmswain: ""Faculty and administrators often are instigating [protest], that they are sort of working along wit… https://t.co/X6RQsyzRRY",Thu Dec 14 19:15:06 +0000 2017,0.0,0.0,1.0,0.0,Fox News
397,".@PressSec on Roy Moore concession: ""It should've already taken place."" https://t.co/HDeELGeOCS",Thu Dec 14 19:06:55 +0000 2017,0.0,0.0,1.0,0.0,Fox News
398,".@SecNielsen: ""We're going to have a wall. We're going to have border security, and we're going to protect the home… https://t.co/DjlLHp3eYn",Thu Dec 14 19:05:05 +0000 2017,0.217,0.0,0.783,0.6124,Fox News
399,".@PressSec: ""@POTUS... likes @GDouglasJones and looks forward to meeting him in person."" https://t.co/Mg4DI5TGEs",Thu Dec 14 19:04:20 +0000 2017,0.189,0.0,0.811,0.4215,Fox News
400,Australia child abuse inquiry: Final recommendations released https://t.co/7lqMdJBP4h,Fri Dec 15 01:05:38 +0000 2017,0.0,0.375,0.625,-0.6369,BBC News(World)
401,Lock out https://t.co/J0zm3FYf6d,Fri Dec 15 00:41:55 +0000 2017,0.0,0.0,1.0,0.0,BBC News(World)
402,Africa's week in pictures https://t.co/a7jeVUpNnk,Fri Dec 15 00:38:38 +0000 2017,0.0,0.0,1.0,0.0,BBC News(World)
403,Odebrecht scandal: Peru president Kuczynski under pressure to quit https://t.co/3uZbwkHZHp,Fri Dec 15 00:35:13 +0000 2017,0.0,0.389,0.611,-0.6249,BBC News(World)
404,Shroud of doubt https://t.co/pnElJsYpju,Fri Dec 15 00:17:35 +0000 2017,0.0,0.455,0.545,-0.3612,BBC News(World)
405,'Bribing the desperate' https://t.co/aOV358llnD,Fri Dec 15 00:17:35 +0000 2017,0.0,0.434,0.566,-0.3182,BBC News(World)
406,"RT @BBCNorthAmerica: What does it mean to lose your home so late in your life?
For Ernesto, his 81-year-old father's health began to declin…",Fri Dec 15 00:16:07 +0000 2017,0.0,0.105,0.895,-0.4019,BBC News(World)
407,"RT @BBCNorthAmerica: ""If the African American population had not gone out in the numbers that we did and voted, we'd have Roy Moore as our…",Thu Dec 14 23:29:38 +0000 2017,0.0,0.0,1.0,0.0,BBC News(World)
408,Class of 77 https://t.co/yIJ4I3pbK9,Thu Dec 14 23:20:07 +0000 2017,0.0,0.0,1.0,0.0,BBC News(World)
409,Venezuela first lady's nephews jailed for drugs https://t.co/0tMdKkRbw9,Thu Dec 14 22:44:38 +0000 2017,0.0,0.314,0.686,-0.4939,BBC News(World)
410,Dalai Lama launches free iPhone app https://t.co/QkeCNhkB0Q,Thu Dec 14 22:21:05 +0000 2017,0.355,0.0,0.645,0.5106,BBC News(World)
411,Disney-Fox: Five things it could mean https://t.co/hRQhpXbc5u,Thu Dec 14 21:38:42 +0000 2017,0.0,0.0,1.0,0.0,BBC News(World)
412,Syria war: US planes 'fire flares' at Russian jets https://t.co/6816RBKTZz,Thu Dec 14 20:33:34 +0000 2017,0.0,0.441,0.559,-0.743,BBC News(World)
413,"#NetNeutrality: What is it, and why does it matter? https://t.co/tABVoaZKAL",Thu Dec 14 20:22:06 +0000 2017,0.109,0.0,0.891,0.0258,BBC News(World)
414,"RT @BBCNorthAmerica: Roy Moore won't concede after the Alabama election, but he will list off what is wrong with America

https://t.co/ro2J…",Thu Dec 14 20:02:59 +0000 2017,0.0,0.172,0.828,-0.631,BBC News(World)
415,"RT @amolrajanBBC: My blog on Disney-Fox coming soon. Meantime:
1/ This is the most humble day of Rupert's life!.
2/ This deal ain't done. M…",Thu Dec 14 19:38:37 +0000 2017,0.0,0.0,1.0,0.0,BBC News(World)
416,"RT @BBC_HaveYourSay: Bunny saved from California wildfire is bouncing back to health 🐇 
https://t.co/CM0ahX9XDa",Thu Dec 14 19:37:57 +0000 2017,0.189,0.0,0.811,0.4215,BBC News(World)
417,RT @DaveLeeBBC: What does the general American public know about net neutrality? Perhaps more than you'd think. Here's @CMG_BBC's tape: htt…,Thu Dec 14 19:24:41 +0000 2017,0.0,0.0,1.0,0.0,BBC News(World)
418,RT @BBCBreaking: US regulator votes to ease restrictions that prevent internet providers prioritising one company's data over another https…,Thu Dec 14 18:35:49 +0000 2017,0.175,0.0,0.825,0.3818,BBC News(World)
419,Iran supplied Yemen rebels with ballistic missile - US https://t.co/aZQmI9uaui,Thu Dec 14 18:14:22 +0000 2017,0.0,0.184,0.816,-0.2023,BBC News(World)
420,Australia child abuse inquiry: Final recommendations released https://t.co/7lqMdJBP4h,Fri Dec 15 01:05:38 +0000 2017,0.0,0.375,0.625,-0.6369,BBC News(World)
421,Lock out https://t.co/J0zm3FYf6d,Fri Dec 15 00:41:55 +0000 2017,0.0,0.0,1.0,0.0,BBC News(World)
422,Africa's week in pictures https://t.co/a7jeVUpNnk,Fri Dec 15 00:38:38 +0000 2017,0.0,0.0,1.0,0.0,BBC News(World)
423,Odebrecht scandal: Peru president Kuczynski under pressure to quit https://t.co/3uZbwkHZHp,Fri Dec 15 00:35:13 +0000 2017,0.0,0.389,0.611,-0.6249,BBC News(World)
424,Shroud of doubt https://t.co/pnElJsYpju,Fri Dec 15 00:17:35 +0000 2017,0.0,0.455,0.545,-0.3612,BBC News(World)
425,'Bribing the desperate' https://t.co/aOV358llnD,Fri Dec 15 00:17:35 +0000 2017,0.0,0.434,0.566,-0.3182,BBC News(World)
426,"RT @BBCNorthAmerica: What does it mean to lose your home so late in your life?
For Ernesto, his 81-year-old father's health began to declin…",Fri Dec 15 00:16:07 +0000 2017,0.0,0.105,0.895,-0.4019,BBC News(World)
427,"RT @BBCNorthAmerica: ""If the African American population had not gone out in the numbers that we did and voted, we'd have Roy Moore as our…",Thu Dec 14 23:29:38 +0000 2017,0.0,0.0,1.0,0.0,BBC News(World)
428,Class of 77 https://t.co/yIJ4I3pbK9,Thu Dec 14 23:20:07 +0000 2017,0.0,0.0,1.0,0.0,BBC News(World)
429,Venezuela first lady's nephews jailed for drugs https://t.co/0tMdKkRbw9,Thu Dec 14 22:44:38 +0000 2017,0.0,0.314,0.686,-0.4939,BBC News(World)
430,Dalai Lama launches free iPhone app https://t.co/QkeCNhkB0Q,Thu Dec 14 22:21:05 +0000 2017,0.355,0.0,0.645,0.5106,BBC News(World)
431,Disney-Fox: Five things it could mean https://t.co/hRQhpXbc5u,Thu Dec 14 21:38:42 +0000 2017,0.0,0.0,1.0,0.0,BBC News(World)
432,Syria war: US planes 'fire flares' at Russian jets https://t.co/6816RBKTZz,Thu Dec 14 20:33:34 +0000 2017,0.0,0.441,0.559,-0.743,BBC News(World)
433,"#NetNeutrality: What is it, and why does it matter? https://t.co/tABVoaZKAL",Thu Dec 14 20:22:06 +0000 2017,0.109,0.0,0.891,0.0258,BBC News(World)
434,"RT @BBCNorthAmerica: Roy Moore won't concede after the Alabama election, but he will list off what is wrong with America

https://t.co/ro2J…",Thu Dec 14 20:02:59 +0000 2017,0.0,0.172,0.828,-0.631,BBC News(World)
435,"RT @amolrajanBBC: My blog on Disney-Fox coming soon. Meantime:
1/ This is the most humble day of Rupert's life!.
2/ This deal ain't done. M…",Thu Dec 14 19:38:37 +0000 2017,0.0,0.0,1.0,0.0,BBC News(World)
436,"RT @BBC_HaveYourSay: Bunny saved from California wildfire is bouncing back to health 🐇 
https://t.co/CM0ahX9XDa",Thu Dec 14 19:37:57 +0000 2017,0.189,0.0,0.811,0.4215,BBC News(World)
437,RT @DaveLeeBBC: What does the general American public know about net neutrality? Perhaps more than you'd think. Here's @CMG_BBC's tape: htt…,Thu Dec 14 19:24:41 +0000 2017,0.0,0.0,1.0,0.0,BBC News(World)
438,RT @BBCBreaking: US regulator votes to ease restrictions that prevent internet providers prioritising one company's data over another https…,Thu Dec 14 18:35:49 +0000 2017,0.175,0.0,0.825,0.3818,BBC News(World)
439,Iran supplied Yemen rebels with ballistic missile - US https://t.co/aZQmI9uaui,Thu Dec 14 18:14:22 +0000 2017,0.0,0.184,0.816,-0.2023,BBC News(World)
440,Defiant Roy Moore refuses to concede after Alabama defeat https://t.co/4HO2oi9zOF,Thu Dec 14 17:44:52 +0000 2017,0.0,0.38,0.62,-0.5994,BBC News(World)
441,RT @BBCNewsGraphics: What's Walt Disney getting for its $52bn? https://t.co/I1TCrjzUJ8 https://t.co/2MmSvbggAx,Thu Dec 14 16:58:19 +0000 2017,0.0,0.0,1.0,0.0,BBC News(World)
442,French school bus in fatal train crash https://t.co/6WKilAdtVz,Thu Dec 14 16:55:28 +0000 2017,0.0,0.508,0.492,-0.7351,BBC News(World)
443,Is size important when it comes to wine glasses? https://t.co/iRLMaZho5R,Thu Dec 14 16:52:36 +0000 2017,0.167,0.0,0.833,0.2023,BBC News(World)
444,Omarosa Manigault Newman denies being dragged out of White House https://t.co/14TvDzMWDg,Thu Dec 14 16:44:40 +0000 2017,0.0,0.308,0.692,-0.4588,BBC News(World)
445,Kazakhstan coal miners carry out strike underground https://t.co/ZS0cRMPbdb,Thu Dec 14 16:05:08 +0000 2017,0.0,0.176,0.824,-0.128,BBC News(World)
446,Roy Moore says Alabama election 'tainted' by outside groups https://t.co/EqfoMZVZhb,Thu Dec 14 15:50:33 +0000 2017,0.0,0.0,1.0,0.0,BBC News(World)
447,Zimbabwe's Mnangagwa seeks end to Western sanctions https://t.co/jKuuzO7Wtl,Thu Dec 14 15:50:32 +0000 2017,0.0,0.0,1.0,0.0,BBC News(World)
448,Pitch Perfect 3 gets pre-Christmas UK release https://t.co/ymEXipjuvW,Thu Dec 14 15:42:45 +0000 2017,0.381,0.0,0.619,0.5719,BBC News(World)
449,Racism row https://t.co/TusutKu4ja,Thu Dec 14 15:28:23 +0000 2017,0.0,0.672,0.328,-0.6249,BBC News(World)
450,RT @BBC_HaveYourSay: Are you under 25 and sleeping on a friend’s sofa because you don't have anywhere else to go? Please @ reply your exper…,Thu Dec 14 15:25:34 +0000 2017,0.095,0.0,0.905,0.3182,BBC News(World)
451,Niki Austrian airline failure strands many passengers https://t.co/bZzKKKBBvq,Thu Dec 14 15:03:41 +0000 2017,0.0,0.32,0.68,-0.5106,BBC News(World)
452,"RT @BBC_HaveYourSay: Visitors hoping to see a display of ""dancing butterflies"" in China actually saw plastic ones attached to sticks 🦋
http…",Thu Dec 14 14:28:24 +0000 2017,0.128,0.0,0.872,0.4215,BBC News(World)
453,Airbus A380 draws giant Christmas tree over Germany https://t.co/dRKi8HVyfp,Thu Dec 14 13:43:19 +0000 2017,0.0,0.0,1.0,0.0,BBC News(World)
454,Bollywood star faces eviction from Paris apartment https://t.co/fqAyYMY2yo,Thu Dec 14 13:25:43 +0000 2017,0.0,0.3,0.7,-0.4588,BBC News(World)
455,"RT @BBCMonitoring: The #PutinPresser is over, clocking in at about 3 hours, 40 minutes. https://t.co/F0ampGTUAf",Thu Dec 14 12:53:48 +0000 2017,0.0,0.0,1.0,0.0,BBC News(World)
456,EU leaders wrestle with migrant quotas at summit https://t.co/lviJOsIFaQ,Thu Dec 14 12:12:43 +0000 2017,0.0,0.0,1.0,0.0,BBC News(World)
457,Walt Disney buys Murdoch's Fox for $52bn https://t.co/OvASSmvdjX,Thu Dec 14 12:12:40 +0000 2017,0.0,0.0,1.0,0.0,BBC News(World)
458,Joe Biden comforts John McCain's daughter over cancer https://t.co/20xMuafVfr,Thu Dec 14 11:33:12 +0000 2017,0.214,0.303,0.483,-0.3182,BBC News(World)
459,Harry Potter gets a weird new chapter from a computer https://t.co/IX7YcJ3ir3,Thu Dec 14 11:23:25 +0000 2017,0.0,0.175,0.825,-0.1779,BBC News(World)
460,Colombia's main gang declares unilateral ceasefire https://t.co/S54jqlh8zI,Thu Dec 14 11:17:25 +0000 2017,0.0,0.0,1.0,0.0,BBC News(World)
461,Israel hits Hamas targets in Gaza after rocket fire https://t.co/K0lCEP6Yqs,Thu Dec 14 11:07:14 +0000 2017,0.0,0.211,0.789,-0.34,BBC News(World)
462,Putin: Trump opponents harm US with 'invented' Russia scandal https://t.co/c1YWyP5ZBx,Thu Dec 14 11:03:46 +0000 2017,0.0,0.444,0.556,-0.7506,BBC News(World)
463,India happiness minister sought as murder suspect in Madhya Pradesh https://t.co/eL4m4aKGC5,Thu Dec 14 10:53:29 +0000 2017,0.195,0.373,0.432,-0.5106,BBC News(World)
464,Catalonia election: The bare facts https://t.co/Ofl5Tai5iZ,Thu Dec 14 10:50:03 +0000 2017,0.0,0.0,1.0,0.0,BBC News(World)
465,"RT @BBCMonitoring: President Putin says Russia's economic growth is ""an obvious fact"". #PutinPresser",Thu Dec 14 10:23:21 +0000 2017,0.178,0.0,0.822,0.3818,BBC News(World)
466,India 'religious murder' case: Donations for suspect blocked https://t.co/xgqhpLKC21,Thu Dec 14 09:47:46 +0000 2017,0.0,0.6,0.4,-0.8402,BBC News(World)
467,Ukraine to broadcast to Crimean Tatars https://t.co/AeQW6vOGoZ,Thu Dec 14 09:36:55 +0000 2017,0.0,0.0,1.0,0.0,BBC News(World)
468,Somalia suicide bomber kills police at Mogadishu academy https://t.co/GqPECkMQzl,Thu Dec 14 09:18:20 +0000 2017,0.0,0.533,0.467,-0.8402,BBC News(World)
469,Filmmaker Morgan Spurlock confesses to sexual misconduct https://t.co/TAHx80zR4h,Thu Dec 14 09:11:25 +0000 2017,0.0,0.0,1.0,0.0,BBC News(World)
470,"Sexual allegations made by actress and producer Salma Hayek are ""not accurate"" - a Harvey Weinstein spokesperson di… https://t.co/ZDQqc2B7T0",Thu Dec 14 08:08:43 +0000 2017,0.0,0.0,1.0,0.0,BBC News(World)
471,How Greenland would look without its ice sheet https://t.co/tR8m45OhY9,Thu Dec 14 08:00:31 +0000 2017,0.0,0.0,1.0,0.0,BBC News(World)
472,'Someone finally listened' https://t.co/jNhtKXpeJP,Thu Dec 14 07:04:41 +0000 2017,0.0,0.0,1.0,0.0,BBC News(World)
473,'Flat-chested' K-pop star responds to 'cruel' body comments https://t.co/SQeEnFajkg,Thu Dec 14 06:36:33 +0000 2017,0.0,0.0,1.0,0.0,BBC News(World)
474,Delhi zoo hosts party for Rita the chimp aged 57 https://t.co/SBEJBYDbHV,Thu Dec 14 06:32:51 +0000 2017,0.213,0.0,0.787,0.4019,BBC News(World)
475,On the election trail with Gujarat's women bikers https://t.co/ji2icrfkNj,Thu Dec 14 06:18:49 +0000 2017,0.0,0.0,1.0,0.0,BBC News(World)
476,China meets Australian ambassador amid 'influence' debate https://t.co/lsRLTLD44F,Thu Dec 14 06:12:02 +0000 2017,0.0,0.0,1.0,0.0,BBC News(World)
477,China's central bank raises interest rates after Fed rise https://t.co/O9WEOw7oMJ,Thu Dec 14 06:05:06 +0000 2017,0.25,0.0,0.75,0.4588,BBC News(World)
478,Penis cliffhanger is New Zealand quote of the year https://t.co/MQXhicPQ2W,Thu Dec 14 05:58:01 +0000 2017,0.0,0.0,1.0,0.0,BBC News(World)
479,"RT @BBCBreaking: Medecins Sans Frontieres estimates that 6,700 Rohingya were killed in Myanmar in the first month of violence. https://t.co…",Thu Dec 14 05:45:55 +0000 2017,0.0,0.323,0.677,-0.8625,BBC News(World)
480,"MSF estimates more than 6,700 Rohingya killed in Myanmar https://t.co/Qp9cARchM0",Thu Dec 14 05:20:14 +0000 2017,0.0,0.333,0.667,-0.6705,BBC News(World)
481,Kentucky politician takes his own life after sex assault allegation https://t.co/NzLpQJ0JR4,Thu Dec 14 04:35:10 +0000 2017,0.0,0.275,0.725,-0.5859,BBC News(World)
482,"RT @SallyBundockBBC: What should #Meghan buy for the #Queen this Christmas? Suggestions to #BBCTheBriefing - see you at 0500 GMT.
https://t…",Thu Dec 14 03:45:21 +0000 2017,0.0,0.0,1.0,0.0,BBC News(World)
483,How forced marriage saved a US defector in North Korea: https://t.co/yDAU14BGsV https://t.co/bXmD6aMQUp,Thu Dec 14 03:25:36 +0000 2017,0.168,0.353,0.479,-0.4767,BBC News(World)
484,"RT @BBCNewsAsia: This K-pop star is DONE with hate about her 'flat chest': https://t.co/BLOFjGp13P

You do you, Amber Liu! @llama_ajol http…",Thu Dec 14 03:20:38 +0000 2017,0.0,0.166,0.834,-0.6114,BBC News(World)
485,"White House contradicts Tillerson on North Korea, adding to confusion https://t.co/Xz50dABV4l",Thu Dec 14 03:13:15 +0000 2017,0.0,0.338,0.662,-0.5574,BBC News(World)
486,Four jailed over Ed Sheeran forgery https://t.co/4vyk7SnQPT,Thu Dec 14 02:50:36 +0000 2017,0.0,0.348,0.652,-0.4939,BBC News(World)
487,"RT @BBCNewsAsia: India's oldest chimpanzee is gearing up for a grand birthday bash in Delhi! 

Happy birthday, lovely Rita: https://t.co/bo…",Thu Dec 14 02:01:21 +0000 2017,0.403,0.0,0.597,0.8955,BBC News(World)
488,Split Sanaa https://t.co/miWDmbaAFb,Thu Dec 14 00:38:33 +0000 2017,0.0,0.0,1.0,0.0,BBC News(World)
489,Love in North Korea https://t.co/ShOEjFSWIO,Thu Dec 14 00:19:39 +0000 2017,0.512,0.0,0.488,0.6369,BBC News(World)
490,'The blood is speaking' https://t.co/3wpatEtVpY,Thu Dec 14 00:15:55 +0000 2017,0.0,0.0,1.0,0.0,BBC News(World)
491,"Swiss church bells can chime again at night, says court https://t.co/fh8Kx7gke9",Wed Dec 13 23:03:23 +0000 2017,0.0,0.0,1.0,0.0,BBC News(World)
492,Ecuador VP Jorge Glas sentenced for corruption in Odebrecht case https://t.co/mfwspmhHIn,Wed Dec 13 22:59:24 +0000 2017,0.0,0.099,0.901,-0.0258,BBC News(World)
493,Harvey Weinstein: Salma Hayek alleges he threatened to kill her https://t.co/pGI6ljpFi8,Wed Dec 13 22:42:39 +0000 2017,0.0,0.461,0.539,-0.8271,BBC News(World)
494,Militiamen jailed in DR Congo's Kavumu for raping 40 children https://t.co/OBTR3zInw2,Wed Dec 13 22:18:12 +0000 2017,0.0,0.471,0.529,-0.8402,BBC News(World)
495,"RT @BBCSport: Chris Froome says his legacy will not be tainted after returning an ""adverse"" drugs test at the Vuelta a Espana.

Read more:…",Wed Dec 13 22:10:44 +0000 2017,0.0,0.0,1.0,0.0,BBC News(World)
496,'They sold me three times' https://t.co/PauFQd9Xiv,Wed Dec 13 21:57:11 +0000 2017,0.0,0.0,1.0,0.0,BBC News(World)
497,Dramatic end to Los Angeles car chase https://t.co/u4cZ7NGvYw,Wed Dec 13 21:40:57 +0000 2017,0.0,0.0,1.0,0.0,BBC News(World)
498,Beware when rescuing baby elephants https://t.co/P8qu70nlxG,Wed Dec 13 21:13:25 +0000 2017,0.0,0.0,1.0,0.0,BBC News(World)
499,Polygamist sect leader Jeff Warrens jailed for food fraud scheme https://t.co/cqpEwqagfV,Wed Dec 13 20:41:48 +0000 2017,0.0,0.438,0.562,-0.7906,BBC News(World)
